region,store_id,category,product,week,units_sold,revenue,revenue_last_year
South,125,Home,Cushion,42,12,159.96,171.98
Central,103,Home,Cushion,33,54,502.74,504.53
South,105,Apparel,Jeans,36,108,1274.4,1396.51
Central,103,Apparel,Socks,37,149,7542.38,10433.97
Central,108,Apparel,T-Shirt,19,107,2310.13,1807.57
Central,111,Home,Lamp,7,148,10462.12,8699.35
Central,104,Apparel,Jeans,37,15,1142.85,1197.12
West,120,Electronics,Earbuds,30,149,16568.8,15791.85
South,115,Apparel,Socks,6,147,5810.91,6081.59
West,118,Home,Cushion,39,18,334.44,331.99
South,131,Home,Cushion,27,10,1156.3,872.24
Central,120,Electronics,Earbuds,22,177,8012.79,8394.78
North,105,Home,Towel,18,121,10304.36,7681.9
East,136,Electronics,Webcam,44,114,4301.22,4172.42
East,101,Electronics,Speaker,30,90,2189.7,1712.27
South,118,Apparel,T-Shirt,9,189,6327.72,6161.08
North,110,Home,Towel,29,102,6955.38,9169.76
Central,117,Home,Mug,46,106,12554.64,14788.19
South,109,Home,Mug,6,45,1008.0,1170.25
West,137,Apparel,T-Shirt,12,67,2507.14,2010.66
East,139,Electronics,Earbuds,37,81,9283.41,10985.48
Central,103,Electronics,Earbuds,30,199,22779.53,26797.9
West,125,Electronics,Earbuds,26,100,1691.0,1934.51
South,104,Apparel,T-Shirt,14,112,2649.92,2485.72
North,100,Apparel,T-Shirt,37,38,2534.98,3458.38
North,104,Electronics,Charger,14,157,7578.39,8670.34
Central,123,Home,Cushion,31,31,566.37,589.96
West,130,Home,Towel,20,21,452.97,554.78
East,130,Electronics,Webcam,45,41,2639.58,2226.88
East,109,Electronics,Earbuds,45,139,15308.07,18839.64
North,116,Home,Lamp,34,93,10178.85,9659.6
Central,134,Apparel,Socks,50,128,5492.48,4702.27
South,125,Apparel,Socks,48,58,1623.42,1696.39
North,101,Electronics,Webcam,51,71,4211.01,3518.52
East,128,Electronics,Charger,52,185,21944.7,30031.33
North,114,Home,Cushion,7,58,3425.48,3207.68
Central,139,Home,Towel,1,122,13366.32,12575.1
North,107,Electronics,Speaker,25,200,17364.0,14577.49
West,140,Apparel,Jacket,22,22,2135.98,2947.99
West,125,Home,Mug,48,21,1855.35,1519.54
North,109,Apparel,Jacket,38,119,11632.25,9332.81
West,122,Electronics,Charger,10,140,9527.0,6811.59
North,133,Electronics,Webcam,48,35,1921.15,2517.13
North,116,Apparel,Socks,14,74,4634.62,5721.79
East,134,Home,Cushion,27,33,396.0,482.31
Central,133,Home,Towel,27,128,2565.12,2068.22
North,128,Electronics,Earbuds,50,46,3449.08,4287.99
South,109,Apparel,Jacket,31,158,13967.2,15217.72
Central,133,Home,Cushion,36,123,11708.37,9065.52
North,115,Electronics,Earbuds,13,70,689.5,529.83
Central,101,Home,Towel,49,16,895.52,1010.84
Central,132,Electronics,Earbuds,13,177,6527.76,6891.42
Central,115,Home,Towel,45,133,14071.4,19130.44
Central,112,Home,Lamp,29,35,1851.85,1804.91
North,115,Home,Cushion,28,18,530.28,483.59
South,123,Apparel,Jeans,10,64,6817.92,9390.19
North,125,Apparel,Socks,32,41,4872.44,6249.93
West,132,Apparel,Jacket,26,86,4596.7,4365.17
East,101,Apparel,Jeans,22,141,8142.75,9707.84
East,133,Home,Mug,40,75,4793.25,3570.99
North,105,Apparel,Socks,17,69,658.95,820.59
South,127,Home,Lamp,44,66,3410.88,3668.81
Central,131,Electronics,Earbuds,45,83,1269.07,939.45
South,127,Electronics,Webcam,5,68,7677.88,8784.32
North,138,Home,Lamp,15,17,601.97,472.65
East,135,Apparel,T-Shirt,27,68,5202.0,3798.73
South,107,Electronics,Webcam,11,67,722.93,608.16
East,133,Home,Lamp,49,52,1994.2,2094.03
East,122,Apparel,Jacket,52,4,477.48,346.59
Central,135,Apparel,T-Shirt,13,131,7807.6,10573.44
West,131,Apparel,Jeans,35,100,11659.0,10673.21
South,121,Apparel,Socks,13,180,15987.6,12754.96
North,108,Home,Cushion,1,18,1384.74,1822.18
South,103,Home,Mug,6,170,17297.5,22648.94
East,138,Electronics,Speaker,16,177,6849.9,6997.97
East,128,Apparel,Jacket,1,67,3140.96,2921.87
East,115,Electronics,Earbuds,3,79,2373.95,1965.8
West,105,Home,Cushion,31,71,4460.22,3749.64
North,105,Electronics,Earbuds,17,22,473.88,526.37
North,119,Home,Mug,20,161,5114.97,5677.15
South,138,Electronics,Earbuds,25,195,8289.45,11516.62
East,139,Apparel,Jacket,42,37,371.48,477.24
West,132,Electronics,Earbuds,9,134,12271.72,13473.56
Central,114,Apparel,T-Shirt,6,7,68.67,78.69
West,128,Apparel,Jeans,36,12,926.28,1054.44
South,131,Electronics,Speaker,17,0,0.0,0.0
Central,105,Electronics,Earbuds,43,134,1688.4,2052.68
North,116,Home,Lamp,16,186,17110.14,14740.65
West,131,Electronics,Speaker,25,19,1141.71,1345.61
Central,140,Apparel,T-Shirt,42,50,695.5,558.62
East,139,Home,Lamp,37,34,218.62,162.32
North,113,Home,Lamp,44,125,4806.25,5102.19
West,129,Home,Towel,50,30,3576.9,3878.62
North,130,Home,Lamp,2,74,4275.72,5446.96
East,124,Home,Towel,14,53,719.74,549.31
Central,116,Electronics,Webcam,24,33,2454.87,2803.87
North,123,Home,Lamp,15,127,13746.48,14300.44
South,100,Apparel,T-Shirt,32,174,9890.16,9013.55
West,122,Apparel,Jacket,25,80,1512.0,1409.07
East,125,Home,Cushion,8,50,4350.0,5790.27
East,123,Home,Lamp,5,100,4987.0,6527.89
East,127,Apparel,Jeans,49,70,7226.8,6478.44
East,140,Apparel,T-Shirt,10,63,7350.21,7389.67
South,123,Home,Cushion,51,109,11629.21,14750.18
West,135,Electronics,Speaker,36,52,4563.0,3352.13
West,128,Electronics,Webcam,40,192,4020.48,5261.34
North,135,Home,Towel,9,43,2549.9,2398.34
East,116,Home,Lamp,26,167,5419.15,5626.31
West,107,Electronics,Speaker,11,164,3868.76,3271.08
Central,114,Home,Towel,29,85,10165.15,10317.35
Central,112,Apparel,Jacket,16,23,577.07,628.49
South,123,Home,Cushion,17,145,4096.25,2924.96
West,126,Home,Mug,48,134,3906.1,3473.18
West,117,Apparel,T-Shirt,37,92,1792.16,1886.03
South,105,Electronics,Speaker,18,63,3100.86,3572.36
East,101,Home,Mug,9,8,431.2,532.35
Central,131,Home,Towel,1,18,900.36,1214.39
West,128,Electronics,Earbuds,16,200,3508.0,2834.69
North,129,Electronics,Earbuds,6,141,13301.94,9324.08
South,136,Apparel,Jacket,3,165,14392.95,19771.66
East,133,Electronics,Speaker,41,111,9472.74,7374.46
East,133,Apparel,Jeans,38,49,2431.87,2082.92
North,100,Electronics,Charger,35,77,9207.66,8241.06
South,130,Home,Cushion,34,60,4074.6,2935.74
East,103,Home,Mug,2,49,3053.19,3578.72
North,116,Home,Mug,15,170,9146.0,8772.41
North,121,Home,Towel,46,107,4993.69,4881.09
East,132,Apparel,T-Shirt,5,52,3224.0,2709.09
South,129,Apparel,Socks,15,67,6194.15,5614.71
West,139,Electronics,Charger,12,57,3464.46,4632.94
Central,109,Apparel,T-Shirt,26,13,383.37,529.77
West,103,Apparel,Jacket,46,15,392.55,398.34
East,107,Electronics,Webcam,6,42,1800.12,1493.84
West,102,Electronics,Earbuds,20,170,15031.4,19351.26
West,110,Home,Cushion,7,0,0.0,0.0
North,135,Home,Mug,49,53,2581.63,3196.35
West,105,Home,Lamp,4,180,10701.0,10282.59
South,120,Home,Towel,24,188,20332.2,14663.53
South,140,Home,Mug,50,103,996.01,721.51
North,116,Apparel,Jeans,13,191,2335.93,2625.43
East,121,Home,Cushion,40,11,386.65,464.62
East,119,Home,Cushion,1,184,16909.6,22684.6
North,101,Electronics,Speaker,15,27,1610.55,2206.04
East,127,Home,Mug,32,33,3687.09,3053.12
East,109,Electronics,Webcam,39,60,2562.0,2366.48
Central,105,Home,Cushion,33,50,2502.0,2031.51
North,102,Home,Mug,31,141,9535.83,7747.72
North,104,Home,Mug,17,159,2332.53,1790.21
West,111,Home,Towel,15,34,1799.96,2041.54
South,134,Electronics,Speaker,50,170,15699.5,19558.84
East,117,Home,Lamp,37,68,3256.52,3962.04
West,115,Apparel,Socks,12,62,1988.96,1783.99
South,120,Electronics,Charger,5,101,3427.94,2989.73
South,106,Electronics,Earbuds,42,118,14037.28,10831.62
South,128,Home,Towel,24,10,1058.4,913.43
South,138,Apparel,T-Shirt,38,49,5486.53,5270.17
West,138,Apparel,Jacket,17,198,18699.12,25468.04
Central,139,Apparel,Jeans,23,55,512.05,480.31
South,116,Apparel,T-Shirt,3,153,13649.13,18286.68
East,126,Apparel,T-Shirt,44,95,2497.55,2294.09
North,131,Apparel,Socks,36,123,1510.44,1164.51
Central,109,Home,Mug,41,136,2105.28,1714.92
East,126,Electronics,Webcam,19,170,6862.9,9383.18
Central,122,Home,Lamp,27,106,751.54,929.4
South,125,Home,Cushion,47,103,2927.26,2061.12
West,107,Apparel,Jacket,6,103,7359.35,7030.45
South,100,Apparel,Jacket,4,141,3015.99,3813.8
North,136,Home,Mug,40,94,8439.32,6921.76
East,110,Home,Cushion,34,43,4791.49,3718.94
South,119,Home,Towel,9,11,1289.09,1337.97
Central,140,Apparel,T-Shirt,25,22,2397.78,2719.66
South,139,Apparel,Jacket,26,157,16065.81,20571.17
Central,113,Apparel,Jacket,3,102,11518.86,9324.92
North,109,Home,Cushion,16,185,18278.0,15258.78
North,120,Electronics,Earbuds,8,99,7320.06,7942.53
East,126,Electronics,Speaker,20,149,5015.34,4877.16
West,132,Home,Cushion,29,45,346.05,392.15
West,115,Home,Towel,29,195,14847.3,18904.76
West,125,Apparel,Jacket,7,17,336.09,336.57
West,132,Apparel,Jeans,33,168,1627.92,1864.79
East,132,Apparel,Jeans,6,13,1189.37,1577.59
South,101,Electronics,Speaker,5,157,14002.83,17790.49
South,131,Apparel,Socks,19,42,3524.22,4245.82
North,122,Apparel,Socks,40,193,6563.93,6082.71
East,129,Electronics,Charger,10,65,4079.4,5482.45
Central,116,Apparel,Socks,40,129,4166.7,4002.48
South,125,Apparel,Socks,11,162,18255.78,21464.71
South,116,Home,Mug,8,196,12941.88,14823.93
West,135,Home,Cushion,34,148,12461.6,16539.92
Central,140,Home,Lamp,26,188,18185.24,16099.9
Central,109,Home,Cushion,24,84,7806.12,7881.04
Central,103,Apparel,Jacket,19,132,4510.44,5175.58
East,100,Electronics,Charger,48,8,243.92,220.43
West,126,Electronics,Speaker,33,93,10043.07,7958.29
Central,102,Apparel,Socks,2,13,68.9,65.35
Central,122,Apparel,Jeans,35,57,2993.64,2726.63
South,123,Apparel,Jacket,40,121,2812.04,1996.21
South,128,Apparel,Socks,7,16,1254.24,1642.93
West,116,Home,Lamp,1,14,1108.38,1212.16
Central,137,Home,Cushion,29,154,17366.58,21073.75
South,100,Apparel,Socks,3,15,991.95,976.27
South,103,Apparel,Socks,50,26,166.92,181.22
South,126,Apparel,Socks,13,132,9890.76,10433.4
West,139,Electronics,Speaker,12,130,5275.4,4801.6
West,134,Apparel,T-Shirt,1,96,9802.56,11975.11
North,128,Home,Towel,12,57,6817.77,6020.08
North,107,Electronics,Speaker,22,191,21277.4,28937.17
North,117,Home,Lamp,41,141,11718.51,13828.0
East,118,Electronics,Earbuds,42,55,815.1,860.09
East,115,Apparel,Jacket,48,51,5795.64,7084.05
South,124,Home,Cushion,22,153,4972.5,6639.77
Central,130,Electronics,Speaker,31,135,11506.05,14960.92
South,136,Home,Mug,20,54,2701.62,2998.08
South,109,Electronics,Charger,3,6,107.22,121.74
East,109,Apparel,Jacket,45,7,59.85,47.69
North,104,Electronics,Speaker,48,11,138.16,153.82
South,134,Home,Cushion,43,16,1698.72,2087.8
West,106,Electronics,Webcam,16,52,1474.72,1067.26
North,140,Electronics,Speaker,41,73,4370.51,3465.19
South,118,Electronics,Speaker,21,86,4620.78,3302.21
East,103,Home,Lamp,46,194,9180.08,8487.72
Central,130,Electronics,Charger,19,158,14338.5,17956.66
West,133,Apparel,T-Shirt,50,25,1122.0,1338.84
Central,113,Electronics,Earbuds,46,23,1634.61,1472.75
North,133,Home,Mug,13,73,6763.45,9364.04
East,131,Apparel,T-Shirt,7,125,10618.75,13567.98
Central,122,Home,Towel,33,66,4717.02,3826.57
South,131,Apparel,Socks,11,28,3162.6,3911.4
Central,106,Home,Towel,41,83,3809.7,3736.89
North,127,Home,Mug,42,6,286.62,261.45
Central,132,Home,Mug,11,97,11444.06,13063.63
South,134,Home,Towel,39,193,16262.18,18274.53
East,137,Apparel,T-Shirt,21,133,3040.38,3922.62
Central,120,Electronics,Speaker,11,118,6544.28,8124.1
South,108,Electronics,Charger,22,118,9311.38,11058.15
South,117,Electronics,Earbuds,20,193,16570.98,21385.9
South,115,Apparel,Jacket,47,83,6169.39,5824.17
East,112,Apparel,Socks,17,186,22212.12,18107.79
North,112,Electronics,Speaker,25,38,4489.32,5640.48
East,127,Electronics,Webcam,18,50,878.5,1175.42
South,124,Home,Lamp,30,8,51.6,66.98
South,132,Home,Mug,41,75,4371.0,3493.6
West,100,Electronics,Charger,48,62,6784.04,6790.96
Central,126,Electronics,Charger,15,170,14970.2,19701.59
Central,114,Electronics,Speaker,44,46,3623.88,3688.14
East,140,Home,Cushion,45,25,2697.5,2345.95
South,116,Home,Mug,28,123,7054.05,8007.04
Central,111,Home,Mug,42,83,7842.67,7623.83
North,102,Home,Towel,17,139,4178.34,5019.65
Central,122,Apparel,Socks,7,147,8456.91,7133.3
Central,101,Home,Towel,41,94,6109.06,6031.13
South,111,Home,Towel,26,131,12145.01,9542.05
East,140,Electronics,Charger,4,64,2339.2,2291.9
North,126,Apparel,T-Shirt,27,160,13648.0,12917.66
North,114,Home,Lamp,20,189,9648.45,13194.38
West,129,Apparel,Socks,14,42,834.54,1037.86
South,130,Electronics,Speaker,42,143,12566.84,15963.0
East,140,Apparel,Jacket,51,105,6177.15,5596.74
South,130,Electronics,Earbuds,23,200,20566.0,18246.1
East,127,Home,Mug,44,47,2837.86,3586.5
East,115,Home,Lamp,42,77,3221.68,3348.75
North,123,Electronics,Charger,10,77,7951.02,5883.31
East,108,Electronics,Charger,34,88,6847.28,4864.92
South,104,Apparel,T-Shirt,42,75,2531.25,1951.74
South,111,Apparel,Jacket,50,115,5156.6,4160.71
Central,110,Home,Mug,40,176,13192.96,16450.26
Central,140,Electronics,Speaker,20,50,3093.0,2626.48
West,107,Apparel,Jeans,36,30,1062.6,918.0
West,131,Apparel,Jacket,36,14,849.8,1133.48
West,115,Electronics,Webcam,32,42,2816.1,3672.23
South,120,Apparel,T-Shirt,30,178,12406.6,14462.5
East,127,Home,Towel,27,173,2364.91,2710.02
North,101,Electronics,Speaker,40,11,918.5,1241.85
North,132,Home,Cushion,31,124,11416.68,9146.39
West,140,Apparel,Socks,9,86,1363.96,1583.99
West,133,Home,Cushion,36,197,21654.24,19465.12
West,116,Home,Cushion,36,13,1300.91,1177.35
West,121,Home,Towel,33,69,7271.91,6845.54
West,107,Apparel,Socks,22,49,2032.03,1848.04
North,102,Electronics,Charger,26,185,12716.9,12516.23
North,125,Electronics,Charger,20,27,154.17,128.42
Central,103,Home,Towel,51,128,14032.64,15831.88
South,140,Electronics,Charger,44,178,14996.5,19696.79
South,102,Apparel,Jeans,43,162,9340.92,11525.5
South,102,Apparel,Jeans,27,198,3280.86,4433.62
East,108,Apparel,T-Shirt,51,79,5501.56,4844.68
South,126,Home,Lamp,3,81,595.35,652.76
North,131,Electronics,Charger,37,133,1267.49,992.69
Central,125,Home,Mug,29,17,112.71,109.44
South,130,Electronics,Charger,50,105,7151.55,5421.21
South,109,Home,Towel,41,3,162.3,114.67
North,105,Electronics,Speaker,14,31,614.73,437.96
Central,115,Electronics,Webcam,29,187,16938.46,22798.53
South,105,Home,Cushion,19,160,11057.6,11595.75
East,103,Electronics,Speaker,46,8,50.48,35.86
Central,105,Electronics,Speaker,25,79,3234.26,3622.64
Central,103,Home,Towel,21,94,10726.34,12972.83
South,109,Home,Towel,52,29,1356.62,1562.04
West,130,Electronics,Speaker,25,199,18988.58,25851.91
East,118,Electronics,Charger,18,15,1147.65,1326.3
East,138,Electronics,Charger,47,3,301.8,338.26
Central,127,Home,Lamp,16,96,4756.8,4582.42
West,118,Apparel,Socks,45,0,0.0,0.0
Central,102,Apparel,Jacket,19,36,3540.6,4627.72
South,117,Electronics,Charger,52,140,11722.2,15703.35
Central,105,Home,Cushion,35,141,8565.75,8284.93
South,119,Electronics,Webcam,39,14,1161.02,1190.89
East,137,Apparel,Socks,49,2,192.08,196.27
Central,122,Apparel,Jeans,50,16,508.48,562.23
Central,120,Home,Lamp,31,129,9387.33,7814.07
North,111,Apparel,Socks,52,179,6861.07,7578.09
West,133,Home,Cushion,10,63,638.19,892.19
North,123,Home,Cushion,41,118,11273.72,9123.92
North,122,Electronics,Charger,18,132,9876.24,7563.81
Central,131,Apparel,Socks,38,145,4286.2,5777.14
West,106,Home,Lamp,29,196,14349.16,16158.67
East,102,Apparel,Jacket,22,51,6088.38,5873.71
North,102,Apparel,T-Shirt,36,94,9882.22,10087.74
Central,140,Apparel,Jeans,26,30,2586.9,1973.73
Central,114,Home,Cushion,42,22,2529.78,2956.82
South,128,Home,Mug,11,94,10909.64,15210.23
South,102,Apparel,Socks,17,90,1063.8,1156.33
North,116,Apparel,T-Shirt,51,131,11344.6,13076.7
North,106,Home,Towel,10,81,7437.42,10096.79
East,137,Electronics,Speaker,38,112,10321.92,7987.04
East,116,Home,Cushion,25,31,1491.72,1440.63
South,109,Home,Towel,44,3,176.43,236.21
South,114,Apparel,T-Shirt,5,158,16539.44,21866.72
West,106,Apparel,Jacket,25,5,386.3,392.73
East,114,Home,Cushion,31,29,2239.96,1791.83
North,111,Apparel,Socks,46,115,7893.6,6325.12
East,126,Apparel,Jacket,27,63,1442.7,1283.68
East,110,Home,Lamp,17,125,2195.0,2237.43
North,109,Home,Towel,33,14,1085.98,1358.91
Central,130,Apparel,Socks,19,30,1039.5,874.36
West,116,Home,Cushion,16,60,973.2,878.41
North,118,Apparel,Jacket,10,163,1114.92,1410.28
Central,108,Home,Cushion,29,0,0.0,0.0
South,123,Home,Lamp,28,10,1098.8,937.04
South,108,Electronics,Charger,12,133,12448.8,14915.32
Central,105,Apparel,Socks,6,155,13802.75,17017.35
South,108,Apparel,Jacket,40,171,14772.69,18733.38
East,112,Electronics,Charger,1,16,1353.76,1439.99
North,133,Electronics,Webcam,52,88,3832.4,4941.25
North,100,Home,Towel,27,195,11662.95,15283.24
South,111,Home,Lamp,37,93,857.46,1021.73
Central,100,Electronics,Charger,23,133,14921.27,20563.22
North,122,Apparel,Jeans,46,62,6131.8,8007.09
West,136,Home,Cushion,49,15,577.95,448.13
West,128,Electronics,Webcam,33,6,396.06,426.21
South,105,Apparel,T-Shirt,15,158,4104.84,3168.41
Central,101,Home,Lamp,2,24,2676.72,3257.9
North,138,Home,Lamp,41,147,8577.45,7435.42
North,122,Home,Towel,7,183,4681.14,4171.41
West,137,Home,Towel,33,194,7209.04,5662.17
South,134,Home,Mug,38,58,6033.74,4845.42
West,125,Electronics,Charger,11,4,451.28,438.7
Central,138,Home,Mug,34,9,454.5,617.62
East,125,Home,Cushion,16,85,7419.65,9572.23
East,125,Electronics,Charger,36,13,550.68,442.0
East,115,Electronics,Speaker,28,169,13141.44,12551.42
South,104,Electronics,Earbuds,21,110,3089.9,3610.23
South,126,Apparel,Socks,26,198,23702.58,24120.03
North,102,Apparel,T-Shirt,42,158,5618.48,6601.19
Central,102,Home,Lamp,40,25,845.5,899.79
South,102,Home,Mug,19,28,1123.36,1295.53
North,138,Apparel,Jeans,33,68,1000.28,1113.49
West,107,Apparel,Jacket,33,33,3524.4,4725.91
East,117,Electronics,Charger,16,188,2838.8,3072.77
Central,136,Home,Towel,15,166,8210.36,8900.05
West,135,Home,Cushion,20,156,9352.2,11906.98
South,121,Apparel,T-Shirt,15,48,3068.64,2971.12
West,100,Electronics,Charger,23,41,4268.51,3700.71
East,131,Electronics,Earbuds,18,72,7632.72,6497.72
North,110,Apparel,T-Shirt,36,17,1269.56,1197.95
North,133,Electronics,Speaker,25,112,5120.64,6318.83
South,109,Electronics,Earbuds,27,86,7039.1,5618.81
Central,139,Apparel,Socks,18,132,2102.76,2732.29
East,140,Home,Towel,46,161,17740.59,13998.94
North,126,Apparel,Jeans,50,140,10131.8,10623.38
South,126,Electronics,Charger,51,71,7481.27,8417.43
West,129,Home,Mug,19,185,8426.75,7980.7
Central,138,Electronics,Earbuds,25,165,6934.95,8675.31
West,128,Home,Towel,20,47,3136.78,3958.83
Central,124,Home,Mug,38,59,891.49,1198.26
Central,115,Home,Cushion,21,52,6073.08,8040.02
North,103,Apparel,T-Shirt,17,144,15556.32,14154.28
East,134,Electronics,Earbuds,40,111,7160.61,7605.18
West,124,Electronics,Speaker,30,91,880.88,1033.59
North,104,Home,Towel,34,58,950.04,914.02
Central,136,Home,Mug,10,48,5563.68,5790.12
Central,137,Home,Towel,22,177,11676.69,14842.48
East,120,Apparel,Jacket,24,19,1899.81,2011.55
East,121,Apparel,Jeans,33,107,8301.06,8855.9
South,132,Electronics,Earbuds,13,105,2727.9,3112.72
North,122,Electronics,Charger,37,161,12590.2,9186.06
North,100,Home,Mug,20,181,15281.83,10739.14
West,106,Home,Lamp,38,3,245.49,205.64
Central,136,Home,Towel,18,165,17818.35,18888.08
Central,112,Apparel,Jacket,27,154,2921.38,2365.56
North,101,Electronics,Earbuds,7,19,467.59,498.33
Central,127,Home,Towel,52,15,1196.4,1410.79
East,109,Electronics,Charger,46,60,2741.4,2244.08
North,137,Home,Lamp,5,89,2406.56,2735.78
North,114,Apparel,T-Shirt,26,149,13837.63,10111.8
Central,115,Apparel,T-Shirt,16,57,573.42,775.02
East,100,Apparel,Jacket,30,77,4089.47,3583.92
North,115,Home,Towel,44,99,8178.39,9072.89
East,125,Home,Mug,46,124,939.92,1229.18
South,110,Apparel,Jeans,23,97,2565.65,3540.81
West,135,Home,Lamp,24,29,1262.37,1653.75
West,104,Home,Cushion,8,108,10796.76,10212.37
West,112,Apparel,Socks,30,72,3212.64,3228.39
North,121,Home,Lamp,52,39,1279.59,1012.03
East,134,Apparel,Socks,51,32,2202.24,2261.56
South,123,Apparel,Socks,23,55,4844.4,4669.16
South,119,Electronics,Charger,31,129,3677.79,4784.34
South,116,Electronics,Speaker,39,112,8127.84,7783.2
West,138,Apparel,Socks,33,54,1049.22,1285.8
Central,105,Electronics,Speaker,35,69,6184.47,7640.1
Central,109,Apparel,T-Shirt,20,3,149.52,113.67
South,120,Apparel,Jacket,13,169,18167.5,13583.05
Central,119,Home,Cushion,13,16,1402.4,1068.01
South,125,Home,Lamp,19,91,4676.49,6248.94
South,117,Electronics,Speaker,12,7,330.12,415.81
East,126,Electronics,Webcam,2,168,14437.92,14781.65
East,140,Home,Mug,7,46,1771.92,1576.34
South,102,Electronics,Charger,26,10,749.8,750.92
South,124,Home,Lamp,48,10,685.2,781.55
Central,114,Apparel,Jacket,37,127,11101.07,9750.03
Central,122,Home,Mug,1,28,2826.32,3514.62
North,137,Home,Lamp,39,178,1858.32,1618.82
North,120,Apparel,Jeans,14,198,21813.66,26714.48
West,125,Apparel,Jeans,48,157,15748.67,14123.66
East,127,Apparel,Jeans,29,87,7354.98,8951.21
West,132,Electronics,Speaker,4,173,14756.9,14754.62
South,131,Electronics,Earbuds,49,48,480.96,573.26
East,111,Electronics,Earbuds,35,41,4775.68,5474.18
East,115,Electronics,Earbuds,4,43,1984.45,1960.93
East,108,Apparel,Socks,9,175,15102.5,17658.36
South,100,Apparel,Socks,33,177,9943.86,13474.83
East,108,Home,Cushion,46,36,2612.52,2269.08
North,135,Electronics,Speaker,28,194,21968.56,25789.28
Central,129,Apparel,Jacket,50,103,10359.74,8081.99
North,123,Home,Lamp,32,52,519.48,689.39
South,107,Home,Lamp,45,79,4465.08,3478.71
West,129,Home,Cushion,37,92,3522.68,3840.68
North,129,Apparel,T-Shirt,49,124,1817.84,2185.04
Central,116,Electronics,Webcam,7,165,10101.3,10141.38
Central,120,Apparel,Socks,1,91,10078.25,11601.63
Central,116,Electronics,Speaker,42,62,867.38,1060.99
West,109,Apparel,T-Shirt,19,94,2477.84,2841.27
South,106,Electronics,Speaker,51,184,18492.0,22553.33
West,111,Home,Cushion,42,91,3805.62,3645.66
East,116,Electronics,Earbuds,16,14,136.36,149.56
West,103,Electronics,Speaker,14,126,6758.64,8188.31
Central,137,Home,Lamp,41,20,426.4,366.38
West,140,Apparel,Jacket,26,22,2586.98,3351.35
South,113,Home,Towel,47,95,505.4,651.25
West,109,Electronics,Earbuds,19,18,1459.62,1547.54
East,104,Home,Mug,29,2,163.2,208.61
South,124,Electronics,Webcam,19,1,55.96,61.24
Central,112,Home,Cushion,31,21,1415.61,1503.02
Central,140,Home,Mug,10,102,11792.22,13371.3
East,138,Apparel,T-Shirt,43,76,5318.48,5290.82
West,108,Home,Cushion,20,87,5742.0,6566.68
South,128,Apparel,Socks,45,21,459.9,508.35
Central,126,Electronics,Earbuds,24,135,4405.05,4444.51
North,114,Home,Lamp,12,51,3469.53,2701.34
North,112,Home,Lamp,34,171,5802.03,6048.58
West,114,Electronics,Earbuds,35,146,12427.52,15098.33
Central,105,Electronics,Charger,27,173,2326.85,2344.69
Central,132,Electronics,Earbuds,46,193,22007.79,25058.43
Central,106,Electronics,Webcam,30,175,8764.0,7185.42
Central,130,Apparel,Socks,50,23,476.79,592.8
West,115,Apparel,T-Shirt,4,95,931.0,1109.15
West,119,Apparel,Socks,8,181,3726.79,4978.9
Central,112,Apparel,Jeans,37,29,3204.79,4196.81
East,121,Apparel,Jacket,52,195,17481.75,12379.75
North,115,Home,Lamp,24,131,11761.18,16037.79
West,102,Electronics,Webcam,39,90,1481.4,1606.11
North,102,Electronics,Charger,44,62,2125.36,1775.11
North,137,Home,Towel,29,29,2783.71,2899.61
East,111,Apparel,Jeans,10,141,15803.28,20727.92
West,109,Electronics,Speaker,38,64,4282.88,5065.21
West,100,Home,Lamp,2,87,10385.19,10811.18
North,102,Home,Towel,5,46,3512.1,4043.41
West,130,Electronics,Charger,11,177,18087.63,17642.52
Central,104,Electronics,Charger,24,84,5523.0,5069.45
Central,139,Apparel,Jacket,3,54,1324.08,1261.44
East,136,Home,Towel,30,99,11167.2,10274.4
Central,130,Home,Cushion,22,58,426.88,436.09
North,140,Electronics,Charger,10,186,15281.76,13614.01
North,132,Home,Lamp,17,91,6409.13,6855.87
North,135,Apparel,Jacket,50,24,2527.68,3139.4
Central,140,Electronics,Speaker,7,92,8838.44,11093.39
South,104,Apparel,Socks,20,195,8632.65,8234.32
South,122,Electronics,Speaker,36,183,9459.27,7021.75
East,130,Home,Cushion,33,94,10136.02,12836.79
South,108,Home,Cushion,14,1,107.21,125.43
West,125,Home,Mug,37,197,7836.66,6412.3
South,119,Apparel,Jeans,47,78,2651.22,2917.21
East,104,Electronics,Speaker,13,149,16591.15,18406.99
Central,122,Home,Lamp,30,91,10611.51,12555.5
North,131,Electronics,Webcam,21,44,1616.12,1422.63
South,140,Apparel,T-Shirt,18,60,5160.6,4401.06
West,112,Home,Mug,39,72,7514.64,8669.38
South,103,Apparel,Socks,9,153,1620.27,1217.49
East,108,Electronics,Charger,1,48,1733.76,1993.37
East,101,Apparel,T-Shirt,14,82,3491.56,4275.51
West,125,Electronics,Speaker,40,173,16787.92,13802.25
North,105,Home,Mug,41,156,6781.32,7093.61
West,116,Electronics,Charger,30,3,23.88,22.01
East,103,Electronics,Speaker,27,157,13607.19,17477.69
North,101,Apparel,Jacket,10,53,1134.73,1403.7
East,123,Apparel,Jeans,28,88,5891.6,6551.12
South,138,Electronics,Earbuds,37,84,2641.8,2993.35
West,102,Electronics,Webcam,50,165,6692.4,8304.09
West,135,Electronics,Webcam,18,92,5996.56,8147.27
East,100,Apparel,Jacket,36,121,1994.08,2525.38
South,140,Home,Cushion,15,102,9385.02,7160.19
Central,108,Apparel,T-Shirt,8,15,1012.2,853.75
East,138,Apparel,Jacket,24,188,4167.96,3435.23
South,133,Electronics,Webcam,2,89,8408.72,7313.99
South,140,Home,Towel,23,99,5733.09,5312.75
North,100,Apparel,T-Shirt,5,165,18161.55,21284.4
North,114,Home,Cushion,37,96,5005.44,6724.26
South,101,Electronics,Speaker,17,5,175.85,176.49
East,113,Apparel,Socks,21,194,10466.3,9368.15
South,136,Home,Towel,51,40,2396.0,3243.52
South,119,Home,Lamp,19,22,948.86,986.71
South,120,Apparel,Socks,44,156,11500.32,11697.36
North,113,Electronics,Charger,48,92,948.52,1177.83
South,127,Home,Towel,9,76,6368.04,8046.11
North,108,Apparel,Jacket,20,38,2386.4,2257.95
West,125,Apparel,Jacket,6,106,4669.3,6270.65
West,121,Electronics,Webcam,3,149,4765.02,5977.61
North,102,Electronics,Webcam,9,129,9475.05,10445.25
North,101,Electronics,Webcam,4,81,1006.02,781.92
South,133,Home,Towel,28,0,0.0,0.0
Central,132,Apparel,Jacket,8,135,6164.1,6456.2
East,113,Apparel,Jeans,15,187,2490.84,2970.35
East,117,Apparel,T-Shirt,5,11,303.49,222.61
East,117,Electronics,Earbuds,1,83,6983.62,8081.31
East,135,Electronics,Earbuds,22,176,9185.44,12816.81
East,125,Electronics,Webcam,28,81,5435.1,5261.63
West,124,Apparel,Jacket,27,36,3898.08,4461.3
Central,132,Apparel,Socks,17,177,13319.25,12838.13
South,107,Apparel,Socks,6,158,15035.28,20086.6
West,135,Apparel,T-Shirt,21,175,13881.0,15050.67
West,136,Home,Cushion,1,121,10988.01,14256.18
East,137,Electronics,Earbuds,35,97,3100.12,3536.18
West,122,Electronics,Webcam,46,16,804.16,859.15
East,104,Electronics,Charger,41,139,11313.21,15236.22
East,130,Home,Lamp,47,89,5787.67,5982.33
South,104,Apparel,Socks,49,135,6327.45,5336.5
East,115,Apparel,Jacket,44,44,991.32,1153.17
North,120,Apparel,Jacket,25,92,9263.48,11787.22
West,109,Apparel,Jeans,45,64,3080.96,2943.37
Central,133,Electronics,Speaker,20,115,9333.4,8330.15
West,107,Home,Lamp,29,162,9721.62,12237.55
South,100,Electronics,Earbuds,44,33,1557.6,1658.04
Central,123,Apparel,Socks,34,87,8454.66,7414.79
South,100,Electronics,Earbuds,37,66,768.24,633.72
Central,117,Electronics,Webcam,21,65,2132.65,2738.11
Central,140,Apparel,Jeans,32,22,620.18,617.82
Central,123,Home,Lamp,3,183,10227.87,9788.3
East,126,Electronics,Webcam,28,165,12351.9,10866.63
West,137,Apparel,Socks,9,158,4272.32,5895.65
Central,123,Electronics,Webcam,5,170,4821.2,6277.81
West,124,Apparel,Jeans,26,134,7060.46,9567.08
North,106,Electronics,Speaker,38,144,8379.36,8576.48
West,130,Home,Mug,12,16,889.28,928.31
North,114,Electronics,Earbuds,48,51,2610.69,1901.66
East,135,Electronics,Speaker,22,196,9713.76,9926.74
South,104,Apparel,Jeans,37,3,50.1,38.16
Central,129,Apparel,Socks,4,174,4868.52,4551.64
Central,126,Apparel,T-Shirt,38,35,4192.3,5331.74
South,120,Electronics,Speaker,22,48,3100.8,2183.64
East,133,Electronics,Earbuds,17,22,902.0,792.42
Central,125,Home,Lamp,33,107,8915.24,8155.6
West,127,Apparel,Socks,35,65,2604.55,2063.39
Central,123,Apparel,Socks,30,168,10286.64,11404.21
East,112,Home,Cushion,30,180,12411.0,9132.17
North,134,Home,Cushion,5,104,11898.64,15187.08
East,114,Apparel,T-Shirt,51,112,4315.36,5167.17
Central,129,Electronics,Charger,26,186,10445.76,13732.45
South,127,Apparel,T-Shirt,41,31,329.53,429.65
Central,131,Apparel,Jeans,12,3,333.24,364.15
West,114,Apparel,Jacket,44,184,15202.08,13779.54
Central,110,Apparel,Socks,10,199,21999.45,18585.91
West,106,Apparel,Jeans,13,200,3106.0,2283.59
East,128,Apparel,Socks,44,108,2463.48,1822.15
South,102,Electronics,Webcam,11,114,4419.78,3813.68
East,135,Electronics,Charger,47,39,1583.4,1394.39
South,109,Electronics,Earbuds,52,170,20010.7,19491.44
East,124,Apparel,T-Shirt,10,164,6309.08,7308.31
North,112,Electronics,Webcam,30,38,3372.5,3375.54
West,107,Electronics,Speaker,3,90,1713.6,2307.06
Central,133,Electronics,Speaker,5,74,4539.16,3233.88
North,112,Home,Towel,32,71,7409.56,8287.18
North,112,Electronics,Earbuds,9,120,4342.8,5754.84
Central,119,Apparel,Socks,3,148,10931.28,15053.99
South,109,Home,Cushion,43,76,817.76,763.13
West,115,Home,Towel,22,190,8905.3,6917.23
North,135,Home,Lamp,30,24,2181.6,1699.61
Central,125,Apparel,Jacket,30,9,79.92,84.66
West,108,Apparel,Jeans,27,147,14888.16,11216.19
South,123,Electronics,Webcam,11,169,19144.32,17845.22
West,119,Electronics,Speaker,10,66,1043.46,1372.51
South,131,Apparel,Jeans,18,137,9209.14,8536.78
South,136,Apparel,Socks,35,10,632.8,605.48
East,125,Apparel,Socks,36,52,6168.24,8240.04
Central,132,Electronics,Webcam,16,24,161.76,220.05
Central,113,Home,Towel,45,190,5960.3,7301.54
East,101,Apparel,Jacket,28,100,7679.0,5964.5
North,105,Electronics,Charger,43,148,4444.44,3868.85
North,115,Electronics,Earbuds,5,153,6699.87,5149.87
Central,111,Apparel,Socks,20,87,1275.42,1570.56
South,100,Electronics,Charger,21,105,10023.3,7242.51
South,132,Apparel,Socks,44,42,940.38,884.92
South,112,Apparel,Jacket,15,175,7537.25,10425.41
West,102,Apparel,T-Shirt,32,134,12677.74,16933.24
North,112,Electronics,Charger,41,12,1227.12,1534.68
East,137,Apparel,Jeans,11,126,10377.36,12679.99
East,119,Apparel,Jacket,4,190,11135.9,13941.56
Central,110,Electronics,Speaker,28,98,9789.22,12227.73
East,137,Electronics,Earbuds,35,167,19001.26,14841.63
South,115,Home,Lamp,13,150,8649.0,7487.0
Central,103,Home,Towel,26,169,16078.66,20187.6
East,124,Electronics,Speaker,26,22,687.72,804.88
Central,127,Home,Cushion,51,78,430.56,448.79
North,130,Apparel,T-Shirt,27,105,7827.75,7986.17
Central,113,Home,Cushion,6,90,4527.0,4645.41
East,121,Apparel,T-Shirt,6,69,1831.26,2422.19
Central,115,Home,Mug,8,55,4594.7,3349.84
West,117,Apparel,Jacket,22,38,1773.46,1519.75
West,119,Electronics,Charger,32,81,9308.52,9817.95
South,110,Electronics,Charger,26,134,809.36,1050.1
South,129,Apparel,Jeans,37,168,5685.12,5381.61
Central,132,Apparel,Jeans,43,96,1970.88,2418.92
West,104,Home,Lamp,33,159,6849.72,6071.87
East,119,Home,Lamp,43,181,14058.27,13539.58
North,131,Electronics,Earbuds,32,93,7861.29,5601.92
North,135,Electronics,Speaker,25,114,4648.92,4922.0
Central,129,Apparel,Jacket,3,83,5019.84,3538.73
South,112,Home,Lamp,38,147,9322.74,13036.86
Central,117,Apparel,Jacket,41,195,6396.0,7937.52
West,135,Apparel,T-Shirt,27,166,2440.2,3330.91
West,131,Electronics,Speaker,46,92,7769.4,6947.68
Central,131,Apparel,Jacket,4,136,6110.48,4875.67
North,110,Electronics,Earbuds,20,189,12258.54,14428.12
Central,119,Apparel,T-Shirt,25,198,23007.6,31600.66
East,119,Apparel,Jacket,31,50,3819.0,5154.25
North,116,Home,Mug,24,100,4176.0,5242.09
East,107,Home,Towel,14,159,9028.02,11609.81
South,120,Electronics,Speaker,3,38,1408.66,1514.27
Central,126,Electronics,Speaker,49,19,696.73,664.62
Central,118,Home,Mug,41,31,1080.97,1340.35
Central,136,Apparel,T-Shirt,20,90,6682.5,6360.82
North,135,Apparel,Socks,7,192,14269.44,18262.32
North,119,Electronics,Webcam,11,165,4172.85,5032.64
North,125,Electronics,Webcam,26,190,19286.9,18900.86
East,122,Home,Towel,12,182,19153.68,20537.62
West,118,Electronics,Earbuds,9,54,2373.3,1770.87
North,132,Home,Mug,1,146,11942.8,13190.54
South,136,Home,Mug,47,70,6671.0,7842.95
South,114,Apparel,Jacket,43,193,6262.85,4931.74
North,124,Home,Lamp,19,33,2622.18,3442.55
Central,117,Home,Mug,46,17,1593.41,1790.03
East,138,Electronics,Earbuds,14,57,2311.92,2200.53
North,123,Electronics,Charger,2,179,11543.71,9065.12
South,100,Home,Cushion,30,161,14950.46,15141.98
North,128,Electronics,Earbuds,38,142,10437.0,7541.63
West,107,Electronics,Earbuds,31,57,2213.31,2999.9
Central,136,Home,Cushion,15,55,3795.55,4836.79
Central,134,Home,Lamp,46,7,214.48,176.12
East,127,Electronics,Earbuds,24,16,1836.32,1637.29
Central,107,Apparel,Jeans,26,99,6325.11,7034.33
North,123,Apparel,Socks,35,84,6774.6,5936.1
West,136,Electronics,Speaker,9,110,6293.1,7412.44
Central,129,Electronics,Webcam,13,87,6594.6,5132.69
East,112,Apparel,Jacket,5,188,20341.6,14474.49
South,116,Apparel,Socks,13,143,13140.27,16906.19
North,139,Home,Lamp,47,4,48.84,41.22
Central,116,Apparel,T-Shirt,36,90,6945.3,7610.41
East,119,Home,Cushion,7,11,990.33,1172.48
North,129,Home,Mug,50,26,1155.44,1502.87
West,131,Home,Cushion,6,86,8290.4,8567.05
North,133,Apparel,Jacket,37,64,4058.24,3435.31
North,112,Home,Lamp,46,71,8073.41,11192.86
West,110,Home,Mug,52,111,2263.29,1604.7
Central,134,Apparel,Socks,25,7,42.35,54.26
West,102,Apparel,Jeans,14,146,9698.78,7271.04
East,139,Home,Cushion,36,118,7164.96,8222.7
North,115,Apparel,Socks,14,90,4410.0,3408.1
South,112,Electronics,Charger,29,116,8211.64,11039.17
West,104,Electronics,Speaker,37,185,16226.35,21146.01
West,115,Apparel,Jacket,46,166,9794.0,12893.18
South,107,Electronics,Charger,32,153,7480.17,8900.02
North,125,Apparel,Socks,37,190,18950.6,21674.34
North,115,Electronics,Webcam,7,51,4962.81,3606.21
West,115,Apparel,T-Shirt,15,198,16289.46,22011.1
Central,126,Electronics,Speaker,17,10,226.4,161.37
North,111,Apparel,Jeans,10,135,3202.2,3389.49
Central,124,Apparel,Jeans,1,18,1852.38,2017.48
Central,135,Apparel,Jeans,40,156,11445.72,14417.65
North,134,Apparel,Jeans,40,74,4259.44,4981.38
South,101,Electronics,Earbuds,12,129,12684.57,12945.75
South,127,Apparel,Jeans,8,156,18297.24,19802.76
North,105,Home,Cushion,47,61,6265.92,8107.01
North,123,Apparel,Jeans,18,77,3123.12,2832.68
Central,136,Home,Towel,22,196,5307.68,4008.35
North,138,Apparel,T-Shirt,14,133,6559.56,9108.68
Central,113,Electronics,Charger,49,187,17106.76,12930.43
North,101,Apparel,T-Shirt,43,174,3572.22,4779.0
South,139,Apparel,T-Shirt,19,113,3884.94,3084.25
East,101,Home,Lamp,21,97,1541.33,1556.77
West,139,Electronics,Speaker,49,192,17579.52,15679.83
North,126,Apparel,Socks,35,5,220.9,238.74
East,100,Home,Cushion,50,197,18541.64,24528.23
Central,110,Apparel,Jeans,7,9,899.37,827.03
East,123,Electronics,Speaker,5,137,2604.37,2658.08
Central,103,Apparel,Socks,42,169,11309.48,15342.0
Central,140,Home,Mug,6,165,4854.3,4374.56
East,127,Apparel,T-Shirt,46,30,3564.6,2935.07
Central,110,Home,Towel,45,190,7163.0,6974.2
East,101,Home,Cushion,6,176,18413.12,21152.92
Central,109,Electronics,Charger,42,17,1253.75,1487.5
North,104,Home,Lamp,47,17,1132.2,850.75
South,135,Apparel,Jeans,8,184,11365.68,15669.64
East,128,Electronics,Webcam,12,25,858.0,837.71
South,128,Electronics,Webcam,47,24,2497.2,2553.24
South,101,Home,Cushion,25,200,6204.0,8055.95
East,117,Home,Cushion,40,2,204.5,153.55
South,137,Apparel,Jeans,20,169,5957.25,4360.46
North,103,Home,Towel,25,65,5200.65,5714.12
North,104,Apparel,Socks,19,3,107.58,145.4
East,134,Home,Cushion,47,45,940.95,1177.68
East,123,Home,Lamp,11,133,10808.91,14167.09
East,124,Apparel,Jacket,49,7,215.32,179.95
West,123,Apparel,Socks,16,164,17659.52,15611.81
North,106,Apparel,T-Shirt,43,96,9714.24,8396.69
West,128,Apparel,T-Shirt,32,29,511.56,556.94
North,125,Home,Towel,8,124,7457.36,6127.5
West,128,Apparel,Socks,4,30,808.2,716.28
West,115,Home,Towel,22,142,1645.78,1738.8
South,136,Home,Towel,40,96,1695.36,2306.68
North,115,Electronics,Earbuds,34,43,2739.53,2524.18
North,130,Apparel,Jeans,17,119,13241.13,13541.1
South,104,Electronics,Webcam,52,115,8919.4,6855.02
East,104,Home,Lamp,8,180,21272.4,22061.74
Central,100,Apparel,Jacket,41,167,16421.11,21870.73
West,102,Electronics,Speaker,35,165,5266.8,5526.44
South,123,Electronics,Charger,10,99,9644.58,13135.0
North,123,Electronics,Webcam,43,166,4299.4,3692.42
West,105,Electronics,Charger,29,55,5651.8,5084.47
South,119,Apparel,Jacket,48,80,5766.4,7828.52
North,110,Home,Mug,1,92,10494.44,9058.49
East,132,Home,Towel,48,125,10293.75,8735.17
South,130,Apparel,Socks,13,79,9476.05,9661.83
East,102,Apparel,Socks,27,45,2000.7,2336.95
Central,123,Apparel,T-Shirt,50,41,1329.22,1709.2
Central,116,Apparel,Jacket,39,116,6917.08,7494.68
South,116,Home,Mug,16,143,2696.98,3700.73
South,133,Apparel,Jacket,9,148,6207.12,7617.98
South,127,Apparel,Jacket,11,20,1446.8,1470.95
East,136,Home,Mug,43,57,5924.01,8115.02
West,106,Home,Lamp,4,111,12232.2,9453.93
East,104,Apparel,T-Shirt,19,192,22308.48,29208.85
North,133,Home,Mug,25,76,7433.56,8603.52
Central,107,Electronics,Earbuds,29,62,3871.9,4147.93
East,133,Electronics,Speaker,36,49,2701.86,3011.31
Central,124,Home,Lamp,12,177,20356.77,23419.1
East,133,Home,Mug,17,173,17220.42,20504.84
Central,130,Apparel,T-Shirt,14,172,7349.56,9878.43
West,121,Home,Towel,44,194,16790.7,19364.08
West,120,Apparel,Jacket,51,59,6931.91,5283.95
Central,126,Apparel,Socks,26,34,3689.34,3182.97
East,124,Electronics,Webcam,43,126,11741.94,9267.85
South,117,Apparel,Socks,8,9,572.76,755.58
West,104,Electronics,Charger,31,149,8525.78,7949.65
East,122,Electronics,Earbuds,46,194,10724.32,8823.9
North,110,Home,Towel,26,94,1736.18,1980.2
Central,113,Home,Lamp,41,63,5421.78,7462.68
East,119,Apparel,Socks,42,65,1546.35,1152.51
Central,102,Home,Towel,13,3,220.44,217.92
East,101,Electronics,Earbuds,5,1,101.27,76.97
North,111,Apparel,Socks,15,44,1561.56,1870.39
North,101,Apparel,Socks,8,21,2362.08,3257.24
West,121,Apparel,Jacket,5,133,6002.29,5427.5
West,116,Electronics,Webcam,22,14,1562.82,1382.77
North,104,Home,Lamp,40,13,1106.43,978.16
East,121,Electronics,Webcam,33,125,2652.5,2980.41
North,109,Electronics,Earbuds,45,108,5324.4,6399.44
East,104,Apparel,Socks,52,120,1899.6,2109.22
West,129,Apparel,Socks,51,59,4518.22,5771.57
Central,127,Home,Towel,9,3,81.48,90.26
West,115,Apparel,Jeans,49,66,4134.9,4404.88
North,101,Home,Cushion,15,185,1424.5,1508.48
West,139,Apparel,Socks,13,47,1340.91,1230.68
East,108,Electronics,Speaker,11,15,465.45,577.12
East,125,Electronics,Webcam,21,133,11696.02,8642.89
East,105,Electronics,Charger,19,12,508.56,440.13
South,129,Apparel,Jacket,2,50,2093.5,2615.85
Central,123,Electronics,Webcam,44,183,10941.57,10039.31
North,104,Apparel,Jeans,40,99,5473.71,4087.2
Central,114,Electronics,Speaker,29,81,8343.81,11319.56
East,134,Home,Mug,29,199,22222.33,30083.32
North,106,Electronics,Charger,50,116,1751.6,2357.17
North,135,Apparel,Jacket,9,16,937.12,1062.27
North,121,Home,Lamp,28,133,1976.38,1928.36
North,102,Apparel,Jeans,19,196,16089.64,17232.31
North,120,Electronics,Webcam,11,136,10121.12,9963.67
South,124,Apparel,Socks,49,109,9418.69,8982.61
West,135,Apparel,Socks,8,23,801.55,976.66
West,130,Electronics,Webcam,15,47,3500.09,3157.41
West,112,Home,Towel,47,33,3007.29,4032.35
North,132,Home,Towel,22,63,515.34,545.73
South,139,Electronics,Webcam,21,80,1989.6,2429.94
South,126,Home,Cushion,4,0,0.0,0.0
East,138,Apparel,T-Shirt,3,9,1030.32,957.11
East,123,Home,Cushion,20,95,7224.75,7051.99
North,114,Home,Lamp,1,173,9034.06,10344.61
South,103,Electronics,Charger,47,43,3947.83,5010.23
Central,120,Home,Lamp,25,111,11274.27,8946.3
East,103,Electronics,Earbuds,23,44,4510.44,5932.08
Central,103,Apparel,Jacket,51,140,16465.4,22431.08
West,113,Home,Towel,47,87,4045.5,3013.14
East,101,Apparel,Jeans,51,6,186.72,139.94
West,103,Apparel,Jeans,13,118,9275.98,8513.48
West,119,Home,Towel,41,161,17228.61,19015.3
East,119,Home,Cushion,48,90,6383.7,4941.74
Central,104,Electronics,Charger,31,114,6029.46,7936.72
South,113,Electronics,Speaker,14,92,6202.64,8369.37
North,136,Electronics,Speaker,3,118,8608.1,8630.94
South,127,Electronics,Webcam,6,47,3065.34,3906.13
East,106,Electronics,Webcam,15,190,14143.6,10472.59
West,110,Home,Cushion,25,163,14120.69,19074.76
East,119,Apparel,Socks,22,131,11685.2,9707.72
Central,100,Electronics,Earbuds,43,36,2684.16,2589.13
South,111,Electronics,Earbuds,2,166,11356.06,13986.89
East,103,Electronics,Charger,4,53,3342.18,4448.28
South,132,Electronics,Webcam,30,39,2706.6,2166.84
West,101,Electronics,Speaker,28,34,2524.16,2224.79
South,126,Home,Lamp,14,131,10123.68,7470.38
East,110,Apparel,T-Shirt,48,200,6452.0,5670.89
South,114,Electronics,Earbuds,39,44,4795.12,4034.6
North,129,Electronics,Charger,46,152,13181.44,11741.72
Central,103,Home,Mug,32,0,0.0,0.0
Central,126,Apparel,Jeans,10,81,4689.9,5379.77
East,126,Electronics,Earbuds,50,184,6106.96,5125.02
West,122,Apparel,Jacket,40,111,4425.57,3599.53
West,105,Apparel,Socks,10,49,3568.18,2808.61
South,126,Home,Lamp,31,112,10460.8,11657.89
East,130,Home,Towel,34,50,2963.0,3129.8
South,114,Electronics,Earbuds,5,90,7708.5,10613.8
North,122,Home,Mug,47,108,4707.72,5618.54
South,129,Home,Mug,37,140,803.6,1040.38
West,122,Electronics,Webcam,33,161,13992.51,16439.38
Central,119,Home,Mug,11,141,11284.23,13796.36
South,140,Apparel,T-Shirt,24,173,17806.89,22324.7
Central,114,Electronics,Charger,22,40,2727.2,2677.48
East,107,Apparel,Jacket,9,6,455.28,575.74
West,117,Home,Towel,24,133,14356.02,13564.82
East,140,Electronics,Earbuds,31,29,1254.25,1217.86
Central,116,Electronics,Charger,2,94,9118.0,6811.48
Central,100,Electronics,Speaker,18,85,3239.35,3390.06
West,101,Electronics,Webcam,5,49,1426.88,1734.67
South,119,Apparel,Jacket,15,56,650.72,575.68
North,109,Electronics,Webcam,36,141,15653.82,11939.39
West,112,Apparel,Jacket,3,191,11868.74,14375.96
North,140,Home,Mug,46,192,4922.88,3881.31
North,105,Home,Lamp,4,41,790.89,565.69
South,107,Electronics,Webcam,30,41,710.12,595.23
South,123,Home,Cushion,8,111,4707.51,4643.07
South,130,Home,Towel,2,172,14822.96,12192.92
South,122,Apparel,Jacket,41,188,15105.8,15285.12
North,128,Electronics,Charger,36,147,968.73,975.8
Central,140,Apparel,T-Shirt,22,169,8539.57,11616.8
Central,133,Apparel,T-Shirt,10,127,3191.51,3090.4
North,132,Electronics,Webcam,52,179,11493.59,8090.65
West,112,Home,Cushion,37,97,8609.72,8490.47
Central,139,Home,Towel,11,80,8634.4,7197.67
Central,100,Apparel,Socks,38,176,7485.28,8606.14
East,139,Electronics,Earbuds,22,40,2838.8,3072.2
North,131,Home,Lamp,49,11,243.54,300.22
West,118,Electronics,Charger,38,129,6984.06,9451.89
Central,108,Apparel,Jeans,7,96,3533.76,2754.86
West,116,Home,Mug,6,186,10531.32,10087.39
West,119,Apparel,T-Shirt,14,16,1284.0,1148.58
South,132,Home,Cushion,33,134,7246.72,7973.06
East,129,Electronics,Speaker,42,81,4142.34,5654.3
North,102,Home,Towel,48,37,3637.1,3297.46
Central,108,Electronics,Charger,23,163,16772.7,21813.45
Central,102,Home,Lamp,29,122,968.68,733.54
South,129,Apparel,T-Shirt,39,120,12690.0,9598.1
East,138,Home,Lamp,12,34,2692.8,3313.42
South,132,Electronics,Speaker,17,86,2054.54,2741.74
West,114,Apparel,Socks,17,66,7256.7,6203.09
East,104,Electronics,Charger,41,98,6496.42,8434.84
South,106,Home,Towel,27,120,11716.8,13795.32
West,114,Electronics,Webcam,42,118,7115.4,7620.7
East,110,Apparel,Socks,34,175,3284.75,3031.1
South,130,Apparel,Jacket,31,126,14152.32,15486.23
Central,131,Apparel,Jeans,49,150,6417.0,6031.75
East,124,Apparel,Jeans,8,35,2182.25,1959.29
West,136,Home,Cushion,36,45,1849.05,1331.44
West,107,Apparel,Socks,19,116,8977.24,9822.14
East,130,Electronics,Speaker,41,50,3373.5,4398.36
South,123,Electronics,Speaker,13,154,4142.6,3749.68
South,137,Electronics,Webcam,5,107,655.91,713.11
Central,132,Apparel,Socks,43,30,2748.6,2380.5
East,106,Apparel,Jeans,13,173,12416.21,14493.52
North,127,Home,Lamp,6,71,2910.29,3195.3
Central,126,Apparel,T-Shirt,23,181,13174.99,16824.99
Central,112,Apparel,T-Shirt,12,57,951.33,1286.63
Central,132,Home,Lamp,21,172,19976.08,19647.45
North,104,Electronics,Webcam,39,178,20975.52,16305.35
East,132,Electronics,Webcam,10,109,5111.01,5945.52
North,127,Apparel,T-Shirt,40,136,10900.4,8859.71
East,135,Electronics,Webcam,9,91,10073.7,9661.15
South,110,Electronics,Earbuds,11,38,842.84,937.22
South,119,Apparel,Jeans,33,145,10303.7,11254.99
West,134,Home,Mug,49,3,265.98,230.16
South,100,Apparel,Jacket,16,91,2982.07,2280.71
Central,124,Home,Towel,28,85,5081.3,3704.77
North,128,Electronics,Speaker,33,61,6784.42,7617.72
South,104,Apparel,Jacket,17,21,1974.21,2424.61
North,127,Home,Cushion,49,78,1055.34,1314.2
South,109,Home,Towel,12,78,4264.26,5765.54
Central,127,Apparel,Jeans,11,150,1533.0,1204.47
South,140,Electronics,Webcam,51,14,528.64,384.71
North,133,Apparel,T-Shirt,48,191,16699.13,17658.45
South,113,Apparel,Jacket,28,66,5348.64,4086.47
North,114,Home,Towel,43,101,1677.61,1653.4
East,123,Electronics,Earbuds,22,63,2243.43,2623.61
North,125,Apparel,Socks,27,176,17974.88,13451.94
North,103,Apparel,Jeans,35,49,5827.08,7831.39
West,132,Apparel,Jeans,44,125,4261.25,3278.77
Central,128,Home,Towel,19,16,1798.4,2284.27
South,109,Home,Towel,5,123,6800.67,7902.32
South,137,Apparel,T-Shirt,47,11,1053.69,1320.58
North,120,Apparel,Jeans,16,13,395.33,539.19
East,110,Home,Lamp,45,93,4813.68,6157.88
West,128,Apparel,Jacket,12,0,0.0,0.0
South,140,Home,Mug,10,168,17688.72,21258.13
West,105,Apparel,Jeans,43,56,303.52,221.46
North,119,Home,Cushion,38,81,8291.97,10151.47
Central,128,Electronics,Earbuds,42,200,22800.0,24990.99
East,133,Apparel,Socks,14,123,10905.18,8598.3
Central,135,Home,Cushion,38,56,4270.0,4960.32
Central,101,Apparel,Jacket,27,110,8951.8,7428.26
East,117,Electronics,Earbuds,8,197,15220.22,15404.54
Central,130,Home,Cushion,16,180,20059.2,21214.22
Central,118,Home,Mug,19,102,10245.9,7400.5
West,120,Home,Lamp,47,174,5131.26,5215.52
East,129,Home,Cushion,24,22,2019.38,2450.23
South,127,Apparel,Socks,42,188,15558.88,17809.71
North,117,Electronics,Webcam,36,15,664.5,655.69
Central,133,Home,Mug,43,78,7605.78,6544.87
West,106,Home,Cushion,47,188,16876.76,17574.85
South,117,Home,Cushion,32,11,955.79,1268.11
West,118,Home,Mug,27,39,1603.68,2216.19
South,122,Apparel,Jacket,18,15,1665.6,2160.14
North,111,Home,Cushion,4,109,5859.84,4726.76
Central,107,Home,Cushion,8,69,3832.95,3749.53
East,101,Electronics,Charger,26,99,2610.63,3256.65
East,107,Electronics,Webcam,49,82,3549.78,4173.5
South,113,Electronics,Charger,2,148,12217.4,13777.45
North,112,Home,Lamp,46,61,1941.63,2155.59
East,107,Electronics,Charger,3,146,6191.86,7127.32
North,132,Electronics,Charger,30,31,1001.3,1009.67
East,100,Home,Mug,15,29,1251.93,1226.4
West,115,Electronics,Speaker,22,150,4899.0,5602.38
Central,119,Electronics,Earbuds,18,120,11311.2,11711.67
North,124,Apparel,T-Shirt,30,58,4285.62,3525.49
West,135,Electronics,Charger,25,40,3878.4,2998.87
West,105,Home,Lamp,20,118,12412.42,14711.32
North,105,Apparel,Jeans,12,94,521.7,515.04
East,122,Home,Towel,34,94,11083.54,9071.42
Central,131,Electronics,Earbuds,8,95,3646.1,3933.21
West,122,Apparel,Socks,22,154,11657.8,12757.68
North,139,Home,Lamp,46,94,9587.06,9167.4
East,108,Electronics,Earbuds,22,172,17574.96,16468.35
North,123,Home,Mug,15,102,552.84,773.38
Central,128,Apparel,Socks,24,103,3575.13,2933.81
West,110,Electronics,Webcam,24,187,2187.9,2108.37
West,102,Home,Cushion,32,139,8245.48,6911.92
North,111,Apparel,Jacket,45,47,1633.25,1880.19
Central,110,Apparel,Jacket,43,130,13651.3,12331.06
South,130,Electronics,Earbuds,47,157,2794.6,2491.7
South,134,Home,Lamp,40,199,22512.87,28893.83
West,120,Electronics,Speaker,37,32,2931.52,2799.05
Central,110,Home,Towel,4,167,18800.86,14223.83
North,137,Electronics,Charger,45,131,11623.63,10313.67
South,133,Apparel,Jeans,2,4,304.56,262.18
West,134,Apparel,Jeans,16,46,1304.1,1733.14
Central,101,Home,Cushion,9,86,4115.96,5501.87
Central,107,Apparel,T-Shirt,4,40,3425.6,4008.32
North,113,Home,Lamp,29,154,14864.08,13327.95
North,118,Apparel,T-Shirt,15,78,1210.56,1631.29
West,139,Electronics,Earbuds,39,36,1760.76,1901.56
West,112,Home,Mug,15,71,2565.94,3509.03
South,108,Electronics,Earbuds,45,78,3942.9,3378.49
West,123,Apparel,Socks,30,130,5851.3,6081.27
East,125,Electronics,Charger,14,40,1798.0,2180.14
West,110,Electronics,Speaker,34,195,4430.4,5949.94
Central,113,Home,Towel,51,50,4008.5,3503.89
North,116,Electronics,Charger,18,89,6950.9,7212.81
Central,137,Home,Mug,14,80,4424.0,3102.69
East,108,Home,Lamp,36,141,10457.97,11903.52
South,118,Apparel,Jacket,44,24,2290.32,2690.46
West,127,Home,Towel,13,25,574.0,471.03
East,114,Apparel,Jacket,42,111,5507.82,4429.6
Central,112,Apparel,Jacket,11,121,8764.03,7319.61
Central,131,Electronics,Speaker,7,4,470.96,616.93
North,136,Home,Towel,7,137,7543.22,9768.53
Central,114,Home,Lamp,37,44,3500.2,3360.73
North,110,Home,Towel,45,78,1765.92,1916.87
North,103,Electronics,Webcam,37,12,332.4,280.57
East,105,Home,Lamp,17,125,3246.25,2272.79
South,123,Home,Towel,16,185,9723.6,11941.06
North,121,Apparel,T-Shirt,48,27,1539.27,1605.79
South,113,Apparel,T-Shirt,23,9,369.36,358.93
Central,125,Electronics,Speaker,15,79,4191.74,4749.69
West,127,Electronics,Earbuds,38,196,12945.8,15927.61
South,126,Home,Lamp,27,54,4374.54,4776.11
Central,115,Home,Towel,36,130,13577.2,10262.96
West,100,Home,Cushion,1,66,5089.26,5814.12
West,108,Apparel,Socks,20,111,9652.56,11677.91
South,125,Apparel,Socks,43,0,0.0,0.0
East,133,Home,Towel,39,59,2579.48,2037.06
North,118,Electronics,Speaker,3,75,3012.0,3259.25
North,105,Apparel,Jacket,47,164,2105.76,2854.12
East,111,Apparel,T-Shirt,40,101,7900.22,9622.41
North,133,Apparel,Jeans,30,76,4637.52,4687.38
West,114,Apparel,Jeans,25,51,2142.0,2468.39
West,133,Home,Mug,49,142,5262.52,4087.24
West,116,Apparel,T-Shirt,13,39,2170.74,2678.64
East,109,Home,Lamp,39,132,3260.4,2621.6
South,107,Home,Lamp,36,4,211.48,153.05
East,137,Home,Towel,29,181,16784.13,12951.22
West,119,Apparel,Jeans,33,183,18126.15,22973.6
South,130,Home,Cushion,6,4,32.48,34.19
North,105,Electronics,Speaker,36,49,3650.5,2735.45
West,128,Home,Lamp,17,150,4906.5,6318.15
Central,106,Apparel,T-Shirt,35,168,8727.6,9760.5
North,127,Apparel,Jeans,5,146,12374.96,13752.61
East,131,Electronics,Webcam,19,47,3339.82,2387.88
Central,120,Home,Towel,20,140,5124.0,5891.27
North,133,Apparel,Jeans,32,87,2724.84,2126.61
Central,118,Electronics,Earbuds,47,78,3743.22,3700.43
East,138,Electronics,Earbuds,39,61,7251.68,9864.39
Central,113,Home,Lamp,9,140,11127.2,14095.75
North,105,Electronics,Earbuds,17,180,4532.4,3994.76
South,125,Electronics,Charger,30,44,3830.64,2938.81
North,111,Electronics,Speaker,31,164,13069.16,15436.36
South,125,Apparel,T-Shirt,26,175,9425.5,9069.43
Central,118,Electronics,Webcam,26,168,11844.0,12563.98
West,109,Apparel,Socks,33,199,8722.17,9501.39
North,115,Apparel,T-Shirt,44,190,2612.5,2850.04
East,117,Apparel,Jacket,51,117,6980.22,6413.0
South,134,Home,Cushion,43,45,1106.1,894.8
Central,113,Electronics,Charger,31,86,8983.56,9587.53
Central,114,Apparel,Jacket,52,84,9793.56,8834.0
East,113,Apparel,Jeans,26,3,342.45,292.43
North,128,Home,Towel,41,96,9161.28,7015.22
West,116,Apparel,Socks,16,6,439.56,449.85
Central,132,Home,Mug,6,63,3563.91,3025.95
East,136,Apparel,T-Shirt,3,31,2880.83,3208.14
Central,131,Electronics,Speaker,36,37,3643.76,2944.4
West,117,Electronics,Earbuds,23,102,2395.98,1828.11
East,138,Electronics,Charger,28,49,4823.07,5289.6
North,132,Home,Cushion,24,129,2159.46,2015.42
East,117,Electronics,Webcam,28,199,12982.76,13172.73
Central,120,Home,Towel,8,176,13421.76,16995.7
South,113,Apparel,Socks,9,53,3270.1,3054.39
West,130,Home,Cushion,51,11,854.15,701.6
South,128,Apparel,T-Shirt,5,17,969.68,690.88
West,132,Home,Towel,6,105,3326.4,2650.43
Central,126,Apparel,T-Shirt,16,86,3445.16,3596.88
North,132,Home,Mug,1,82,761.78,953.38
South,114,Home,Mug,22,3,24.27,31.3
West,131,Home,Mug,24,25,1809.5,2001.82
West,140,Apparel,T-Shirt,17,104,7943.52,5924.56
Central,124,Electronics,Earbuds,7,125,2033.75,2361.22
West,132,Home,Towel,39,6,109.92,123.04
North,138,Home,Lamp,27,170,12506.9,14606.39
West,115,Apparel,T-Shirt,23,147,8655.36,6685.83
Central,139,Electronics,Speaker,4,84,3385.2,2926.16
West,136,Electronics,Charger,52,168,1402.8,1433.64
Central,109,Electronics,Earbuds,40,187,11214.39,12829.01
North,118,Electronics,Earbuds,43,3,66.0,78.99
North,115,Electronics,Webcam,2,165,3950.1,3490.98
West,114,Electronics,Webcam,48,180,15762.6,21841.31
Central,137,Home,Cushion,10,199,19744.78,15217.16
Central,124,Home,Towel,23,39,3798.21,3123.97
East,123,Electronics,Earbuds,2,135,4877.55,5097.72
South,100,Apparel,Jeans,26,140,11673.2,14275.64
East,104,Home,Cushion,10,97,1977.83,1804.82
North,137,Electronics,Webcam,8,117,7410.78,5930.22
South,109,Apparel,Jeans,52,78,2445.3,1713.42
North,111,Home,Lamp,50,112,8722.56,11188.92
South,111,Home,Cushion,21,180,15048.0,17742.43
Central,128,Electronics,Speaker,18,64,4771.84,3953.09
East,109,Electronics,Charger,16,177,15076.86,17658.57
South,119,Apparel,Jeans,50,1,40.23,30.93
West,134,Home,Lamp,11,113,1949.25,1840.68
South,113,Apparel,Jacket,5,192,1107.84,1480.32
North,108,Home,Mug,16,116,9431.96,12370.06
West,107,Home,Mug,2,101,4462.18,3879.59
East,129,Home,Mug,35,92,7859.56,6201.62
North,118,Home,Mug,27,72,2777.76,2172.43
East,128,Home,Mug,19,48,5009.28,5745.35
East,124,Home,Towel,40,22,2486.66,2523.35
West,127,Electronics,Charger,17,126,4377.24,3380.03
South,132,Electronics,Earbuds,28,48,5708.16,5918.39
East,124,Home,Mug,42,31,2141.17,2583.05
West,109,Apparel,Jeans,20,105,6743.1,6078.48
West,118,Home,Towel,50,150,8995.5,12369.4
South,116,Apparel,Jacket,41,128,13483.52,13339.81
East,134,Apparel,T-Shirt,32,95,10048.15,13181.09
North,129,Home,Mug,27,186,5135.46,6470.94
North,105,Electronics,Webcam,41,56,2277.52,1917.56
Central,129,Home,Cushion,41,110,5174.4,4011.21
East,133,Apparel,Jeans,8,149,13584.33,16736.77
East,136,Home,Mug,27,161,3984.75,5408.89
Central,134,Electronics,Charger,28,84,2835.0,2610.43
West,102,Home,Towel,32,144,9182.88,10680.48
North,122,Apparel,Jacket,20,200,2810.0,2390.91
East,128,Home,Towel,35,104,6893.12,5030.52
South,113,Apparel,Jeans,45,23,1121.02,1505.91
East,123,Electronics,Webcam,5,36,2470.68,2861.13
North,102,Apparel,Socks,6,124,5253.88,6845.06
East,123,Home,Mug,29,59,2106.3,2164.04
West,122,Apparel,Jacket,49,34,2499.68,2894.2
Central,104,Home,Mug,13,77,9007.46,10543.45
South,140,Electronics,Earbuds,52,25,1720.5,1666.66
East,100,Electronics,Charger,1,113,9539.46,9555.57
East,119,Electronics,Speaker,32,59,4180.74,3571.6
East,135,Apparel,Socks,49,122,8649.8,10992.19
North,100,Home,Mug,37,192,1618.56,1750.78
East,131,Home,Mug,14,111,10563.87,11464.24
West,102,Apparel,Socks,31,197,21120.37,19606.66
East,118,Apparel,T-Shirt,43,176,16346.88,18725.54
Central,113,Home,Towel,19,136,8370.8,6936.63
East,125,Apparel,Socks,22,5,80.15,75.66
South,136,Electronics,Webcam,10,44,2314.4,2082.46
Central,109,Home,Cushion,7,77,2614.15,2772.29
West,118,Home,Lamp,49,191,15860.64,21324.15
East,100,Home,Cushion,15,84,2635.92,3283.35
East,121,Home,Mug,2,186,18806.46,17231.81
Central,117,Apparel,T-Shirt,9,54,2538.54,2910.57
North,132,Home,Cushion,12,109,3679.84,4065.6
West,119,Home,Towel,24,134,8641.66,11015.92
East,126,Apparel,T-Shirt,40,67,4663.2,4816.57
South,115,Home,Cushion,17,155,13069.6,11303.45
South,102,Apparel,Socks,13,179,11670.8,9237.67
West,122,Electronics,Speaker,32,95,7743.45,6462.9
South,127,Electronics,Speaker,34,121,3216.18,3852.1
North,117,Apparel,T-Shirt,23,30,1824.6,1932.59
North,133,Apparel,Jacket,40,38,3952.76,3117.14
Central,121,Apparel,Socks,31,20,2244.0,2101.63
South,122,Home,Mug,2,125,13433.75,11287.06
Central,107,Electronics,Earbuds,45,117,11001.51,13471.91
North,121,Electronics,Charger,10,26,699.4,763.11
East,123,Electronics,Speaker,44,20,1044.4,1279.94
East,140,Apparel,T-Shirt,25,118,6989.14,8866.75
Central,101,Home,Lamp,13,125,3177.5,2678.55
Central,127,Home,Cushion,13,186,21181.68,29012.72
Central,102,Apparel,Jeans,39,32,218.24,293.91
Central,116,Home,Towel,18,7,365.47,400.52
North,117,Electronics,Earbuds,9,118,14089.2,17158.36
South,109,Apparel,Socks,2,162,13194.9,14621.49
West,126,Apparel,Jacket,24,0,0.0,0.0
North,131,Electronics,Earbuds,38,187,19706.06,19383.69
West,131,Apparel,Jacket,12,37,3493.54,3433.36
Central,126,Apparel,Jacket,18,68,1005.04,784.62
East,136,Electronics,Speaker,7,130,8646.3,7160.78
South,108,Electronics,Earbuds,2,23,983.94,904.46
North,126,Apparel,Jeans,12,8,125.2,129.49
South,126,Electronics,Speaker,20,192,17059.2,14402.09
Central,129,Electronics,Earbuds,50,120,2914.8,2742.42
East,107,Apparel,Socks,47,53,2952.1,2308.88
East,133,Electronics,Webcam,50,132,9444.6,7591.84
North,117,Electronics,Speaker,38,1,61.8,76.0
North,108,Electronics,Charger,22,109,8420.25,6288.73
Central,133,Apparel,Socks,24,132,6597.36,6589.38
East,138,Home,Cushion,6,112,778.4,938.01
West,128,Home,Mug,12,151,2837.29,2059.4
North,109,Electronics,Charger,4,181,6856.28,7032.19
North,115,Home,Cushion,43,61,3450.16,4408.9
West,124,Home,Towel,8,59,1558.19,1971.95
North,122,Home,Cushion,38,180,15703.2,16040.22
North,127,Apparel,Jacket,47,55,708.95,897.72
Central,130,Electronics,Speaker,51,195,14802.45,11394.62
North,126,Electronics,Charger,27,63,3962.07,4765.08
Central,114,Apparel,Jeans,29,87,2610.0,3459.19
West,139,Apparel,Jeans,12,186,16332.66,15213.07
North,120,Electronics,Webcam,39,4,70.96,70.06
South,140,Electronics,Charger,33,87,8869.65,8989.88
Central,113,Home,Cushion,11,78,5196.36,4178.85
East,116,Electronics,Earbuds,38,175,6422.5,8012.78
East,116,Apparel,Jacket,45,112,3299.52,3714.29
South,128,Electronics,Charger,9,54,4773.6,3921.04
West,130,Home,Lamp,26,39,3667.17,4885.51
East,111,Home,Mug,34,85,7090.7,6856.2
South,108,Home,Lamp,24,178,17654.04,18695.43
South,108,Electronics,Charger,12,164,7161.88,8429.94
East,100,Electronics,Earbuds,44,181,16465.57,13674.94
North,113,Home,Lamp,7,75,5118.75,4754.1
East,117,Apparel,Socks,51,88,7292.56,8662.37
Central,107,Apparel,T-Shirt,37,11,83.93,92.02
North,140,Electronics,Earbuds,38,110,2987.6,3113.55
East,129,Electronics,Earbuds,3,78,2687.1,3475.42
West,122,Apparel,Jeans,51,141,5521.56,4254.6
Central,120,Apparel,Socks,19,70,2543.1,1934.59
North,139,Apparel,T-Shirt,25,89,6324.34,7323.54
East,115,Home,Cushion,41,42,4390.68,6026.17
Central,118,Electronics,Earbuds,12,147,15512.91,12062.66
North,115,Apparel,Jacket,24,131,8399.72,6678.43
West,137,Electronics,Webcam,30,42,412.44,528.58
East,109,Apparel,T-Shirt,2,154,1832.6,1518.39
East,106,Home,Lamp,33,175,4053.0,5367.73
South,134,Electronics,Speaker,43,75,3128.25,2482.75
West,125,Apparel,Jacket,12,32,1275.2,1013.61
Central,115,Home,Cushion,26,94,9119.88,6944.68
Central,129,Home,Cushion,48,24,2232.24,2399.71
Central,107,Electronics,Speaker,37,65,4880.85,3935.75
East,126,Home,Cushion,2,137,2227.62,1840.18
East,120,Home,Mug,4,37,3368.85,3003.03
East,122,Apparel,Jeans,22,166,3763.22,4825.64
North,121,Home,Towel,20,82,7095.46,5469.86
North,122,Home,Cushion,46,177,11685.54,13772.73
Central,135,Home,Cushion,38,92,5214.56,4153.82
East,140,Apparel,Jeans,6,177,4856.88,6677.97
North,133,Apparel,T-Shirt,19,141,15573.45,12870.12
Central,105,Electronics,Earbuds,9,63,1060.29,845.19
West,139,Electronics,Speaker,52,177,909.78,788.53
North,115,Apparel,Socks,49,199,22240.24,21443.82
South,133,Apparel,Jacket,49,191,13610.66,18754.04
North,114,Home,Lamp,44,80,3198.4,3877.35
North,123,Home,Towel,28,32,2679.36,2720.76
Central,133,Electronics,Charger,22,166,967.78,1285.29
West,135,Electronics,Webcam,36,38,229.14,237.08
East,136,Home,Mug,2,166,10248.84,13743.3
North,105,Home,Towel,37,102,4286.04,3783.61
North,128,Home,Towel,35,143,16037.45,17738.01
Central,134,Electronics,Earbuds,23,124,14530.32,19896.39
South,127,Electronics,Webcam,5,105,2018.1,1900.85
Central,127,Apparel,Jacket,43,53,6108.25,5223.42
East,101,Apparel,Socks,26,70,2655.8,1887.31
East,135,Home,Mug,25,152,13477.84,16608.9
South,130,Electronics,Charger,30,118,12218.9,11985.2
West,139,Apparel,Jeans,21,47,3674.46,3875.96
West,111,Apparel,T-Shirt,15,69,3274.74,3693.3
North,121,Electronics,Charger,1,148,6753.24,6378.28
North,121,Electronics,Charger,22,183,7843.38,7166.8
North,137,Apparel,Jacket,5,118,7957.92,9653.99
Central,106,Apparel,Socks,1,95,2831.0,2792.44
East,116,Home,Lamp,35,6,81.78,87.78
Central,123,Electronics,Webcam,5,147,10129.77,12124.79
Central,116,Home,Mug,49,4,179.28,128.57
East,101,Home,Lamp,24,12,862.92,746.97
Central,129,Electronics,Webcam,7,152,16843.12,12633.22
East,122,Electronics,Webcam,7,36,4146.48,5056.6
West,115,Home,Towel,12,183,12121.92,10818.09
East,130,Electronics,Earbuds,43,199,20286.06,20006.81
Central,112,Electronics,Earbuds,6,6,404.4,525.7
South,128,Apparel,T-Shirt,22,47,2441.65,3156.26
West,112,Home,Lamp,1,174,2717.88,3259.4
South,116,Apparel,Jacket,29,151,15717.59,20701.93
North,101,Apparel,Jacket,39,93,3887.4,2885.16
South,115,Home,Lamp,38,27,3180.06,2692.06
South,106,Apparel,Jeans,15,57,932.52,1034.44
East,127,Apparel,Jeans,21,121,13608.87,17101.68
South,120,Home,Towel,25,114,2986.8,2303.05
North,128,Electronics,Speaker,36,126,2153.34,2632.17
East,108,Electronics,Speaker,6,156,12909.0,12761.55
West,108,Home,Towel,40,108,6701.4,9052.2
Central,106,Home,Lamp,39,142,3318.54,3188.2
South,115,Electronics,Charger,29,176,17424.0,22666.43
West,127,Electronics,Earbuds,35,166,15872.92,12700.59
East,121,Apparel,Socks,5,18,723.78,748.06
West,140,Electronics,Webcam,43,119,615.23,461.38
Central,127,Apparel,T-Shirt,13,6,709.14,962.8
South,122,Apparel,Jacket,27,83,9577.37,9102.94
South,134,Electronics,Charger,17,51,4828.68,3393.67
East,132,Apparel,Socks,4,9,734.31,521.08
North,101,Electronics,Webcam,50,99,11583.99,14884.81
West,122,Electronics,Webcam,2,162,14516.82,17276.72
Central,102,Apparel,Jacket,11,172,14988.08,15364.06
East,134,Electronics,Charger,30,5,190.25,251.89
North,104,Apparel,T-Shirt,29,1,65.29,84.86
West,105,Electronics,Webcam,51,30,1077.6,1048.1
Central,115,Electronics,Earbuds,26,56,1055.04,978.51
Central,126,Apparel,T-Shirt,45,197,22889.43,25122.41
Central,140,Apparel,Jacket,41,2,28.88,35.39
South,120,Apparel,Socks,22,100,11868.0,8808.59
South,132,Home,Mug,32,50,4286.0,4560.69
East,126,Apparel,Socks,14,190,10792.0,14627.59
East,102,Apparel,Socks,22,188,9324.8,8026.27
West,104,Electronics,Charger,6,24,411.84,444.36
North,105,Home,Towel,47,177,13418.37,11327.04
South,139,Electronics,Webcam,34,58,4430.62,4406.61
East,122,Apparel,Socks,10,164,17131.44,19574.65
West,116,Apparel,Jacket,33,119,1404.2,1280.03
South,130,Electronics,Earbuds,20,147,11968.74,13236.47
East,100,Electronics,Earbuds,47,138,13265.94,10462.66
South,140,Apparel,Jeans,9,5,117.55,95.48
East,123,Electronics,Earbuds,25,52,3152.24,4003.65
South,120,Electronics,Speaker,9,106,3738.62,3472.17
North,132,Apparel,Jacket,20,188,13795.44,16055.5
South,105,Electronics,Speaker,31,117,9424.35,12090.07
South,107,Home,Towel,33,116,8066.64,6309.09
South,139,Home,Cushion,35,172,4613.04,5174.14
Central,104,Home,Mug,43,4,110.04,121.24
North,107,Home,Lamp,11,113,5064.66,4255.4
East,112,Home,Mug,17,103,7316.09,8569.7
East,124,Apparel,Socks,27,25,1346.0,1441.8
South,117,Apparel,Jacket,10,163,13222.56,10570.84
South,131,Electronics,Webcam,35,43,1237.54,1026.42
North,130,Home,Mug,23,177,18928.38,21943.6
South,104,Apparel,Jeans,38,135,951.75,1115.28
Central,138,Electronics,Charger,49,20,341.6,327.58
West,133,Electronics,Charger,22,95,10813.85,10564.26
Central,134,Home,Mug,45,41,3833.5,4128.93
North,119,Electronics,Webcam,49,52,1554.28,1706.52
South,127,Home,Towel,51,120,3651.6,4370.26
West,126,Home,Towel,46,68,6008.48,8368.4
East,131,Home,Mug,45,11,620.51,589.62
West,110,Apparel,T-Shirt,35,78,3069.3,3200.06
North,110,Apparel,Jeans,29,113,13174.67,13630.9
Central,121,Home,Lamp,25,158,3216.88,2293.27
North,123,Electronics,Earbuds,19,38,1727.1,1595.13
West,131,Electronics,Webcam,39,1,22.15,30.48
South,125,Home,Cushion,22,98,1962.94,2149.34
Central,133,Electronics,Charger,3,164,11998.24,15420.77
East,102,Apparel,Socks,47,36,2392.2,2649.31
East,123,Apparel,Jeans,27,164,10061.4,9690.48
East,112,Electronics,Earbuds,18,132,14229.6,12178.46
South,131,Home,Lamp,48,140,2560.6,2169.52
West,132,Apparel,Jeans,51,176,15304.96,19210.73
North,122,Apparel,Jeans,32,57,3376.68,4470.55
East,116,Home,Towel,10,127,2480.31,3177.87
South,136,Electronics,Webcam,32,154,3441.9,3566.53
North,106,Home,Towel,26,67,5902.7,7133.93
Central,139,Apparel,Socks,19,27,3096.63,3456.54
East,140,Apparel,T-Shirt,11,61,4825.71,5459.43
West,108,Electronics,Charger,31,2,42.4,50.99
East,119,Electronics,Earbuds,19,13,1444.04,2006.4
South,124,Apparel,Jeans,17,115,2640.4,3289.09
South,115,Apparel,Jeans,33,55,5896.55,5988.34
East,129,Apparel,Jeans,21,132,6409.92,5301.45
East,125,Apparel,Jacket,1,197,14828.19,11365.72
West,110,Apparel,Jeans,15,189,20016.99,17200.51
East,105,Apparel,T-Shirt,42,19,1782.77,2452.02
East,106,Electronics,Earbuds,46,178,1591.32,1688.53
Central,106,Electronics,Earbuds,31,148,13442.84,17279.12
East,105,Apparel,Jeans,8,102,1754.4,1292.41
Central,140,Home,Lamp,36,12,1396.92,1823.14
West,115,Apparel,Jeans,39,125,2326.25,1979.94
North,139,Apparel,Jacket,9,159,14842.65,17561.68
North,111,Apparel,T-Shirt,17,146,5165.48,6749.73
North,121,Apparel,Jeans,16,143,16853.98,21575.01
Central,112,Apparel,Jacket,40,107,10022.69,10644.64
North,114,Apparel,Jeans,12,167,1788.57,2179.07
East,124,Home,Lamp,35,102,4696.08,6455.58
South,104,Electronics,Charger,37,115,11888.7,11388.91
West,136,Home,Mug,25,154,12078.22,9986.51
East,137,Electronics,Charger,31,3,260.97,186.37
East,120,Electronics,Earbuds,35,153,9534.96,12450.71
North,118,Electronics,Speaker,8,65,1302.6,938.36
West,131,Apparel,Socks,16,91,3902.99,3105.12
East,115,Home,Lamp,20,18,1304.28,1481.24
East,121,Apparel,T-Shirt,40,113,3985.51,3621.49
East,114,Home,Mug,51,22,1832.16,2033.22
North,113,Apparel,Jeans,34,65,6741.15,6146.57
Central,131,Electronics,Speaker,32,141,12078.06,12014.01
Central,122,Apparel,T-Shirt,19,8,467.12,633.3
West,100,Home,Towel,21,90,10388.7,7900.21
Central,135,Apparel,T-Shirt,31,91,10157.42,12531.33
West,101,Apparel,Jeans,24,179,8736.99,6738.97
Central,102,Electronics,Charger,3,98,5581.1,7170.71
South,102,Electronics,Charger,23,31,2574.24,1962.57
South,105,Apparel,Jacket,18,118,13621.92,13464.67
South,111,Electronics,Speaker,38,180,8334.0,6525.71
Central,128,Electronics,Earbuds,7,155,11042.2,9133.92
South,129,Home,Cushion,46,11,1188.66,1539.18
South,106,Apparel,Socks,5,148,9981.12,13527.67
North,120,Home,Towel,46,44,4206.84,5400.86
South,131,Electronics,Webcam,35,83,2854.37,2595.8
West,136,Apparel,Socks,18,107,4314.24,4648.25
South,118,Apparel,Jacket,31,93,7502.31,5601.75
West,103,Home,Lamp,18,197,15407.37,11931.06
West,109,Apparel,Jeans,50,82,863.46,1029.57
West,130,Electronics,Charger,52,170,4916.4,5451.02
West,108,Apparel,Jeans,43,79,3054.14,2383.33
West,131,Electronics,Earbuds,9,98,11172.98,12951.64
East,124,Electronics,Speaker,3,65,7768.15,10374.54
East,110,Electronics,Speaker,32,61,2289.94,2892.9
South,138,Electronics,Speaker,48,167,5970.25,7665.62
South,116,Electronics,Earbuds,1,105,4985.4,5426.63
East,131,Electronics,Charger,28,139,8855.69,8984.11
East,104,Apparel,T-Shirt,44,37,2460.13,2578.57
South,103,Home,Lamp,22,5,564.05,750.94
East,138,Home,Cushion,33,51,867.0,824.94
Central,132,Apparel,Jeans,8,118,10936.24,10440.6
North,138,Home,Lamp,16,17,1417.46,1679.35
West,127,Apparel,Socks,20,155,7365.6,9215.74
Central,120,Home,Cushion,14,2,190.98,208.12
Central,104,Electronics,Webcam,32,19,506.73,610.16
West,100,Electronics,Earbuds,13,147,11471.88,8524.45
Central,133,Electronics,Earbuds,11,33,3048.21,4200.54
East,112,Apparel,Jacket,36,119,11876.2,15016.69
Central,111,Electronics,Speaker,22,17,721.14,938.34
East,130,Apparel,Socks,35,15,165.75,169.74
North,137,Electronics,Webcam,12,91,10840.83,10361.23
Central,113,Apparel,Jeans,41,112,7605.92,9684.55
East,133,Electronics,Earbuds,45,122,14635.12,12353.35
Central,105,Electronics,Earbuds,52,103,5633.07,4176.1
North,135,Apparel,Jacket,10,66,4143.48,3215.25
West,126,Home,Towel,21,103,10009.54,12987.1
Central,112,Apparel,T-Shirt,46,33,3129.06,4211.92
East,102,Apparel,Socks,23,173,17322.49,14326.35
West,113,Home,Lamp,21,137,9088.58,8149.31
West,126,Electronics,Speaker,41,181,7779.38,6663.74
Central,122,Electronics,Charger,46,157,12564.71,12569.17
East,107,Apparel,Jeans,31,37,1671.29,1886.96
East,114,Electronics,Speaker,15,62,6259.52,6411.21
Central,116,Electronics,Webcam,6,18,1488.6,1488.7
Central,128,Electronics,Charger,48,23,2359.8,2437.51
North,140,Home,Cushion,5,22,1121.12,833.84
East,123,Home,Cushion,33,64,473.6,617.62
Central,115,Apparel,Jeans,24,116,13179.92,16958.91
South,112,Apparel,T-Shirt,24,73,5534.86,6275.04
South,127,Home,Mug,38,37,3025.86,3162.92
North,117,Apparel,Socks,28,147,10575.18,13083.28
East,102,Electronics,Charger,5,53,5345.05,4324.94
North,105,Home,Cushion,10,124,13938.84,17158.22
South,124,Electronics,Speaker,12,131,5257.03,6633.03
South,140,Apparel,Socks,9,8,510.08,707.16
West,122,Electronics,Earbuds,8,131,7780.09,10568.16
Central,102,Home,Mug,27,177,11172.24,8159.42
Central,122,Electronics,Webcam,3,72,8142.48,10104.19
West,138,Electronics,Speaker,4,141,11523.93,12424.35
South,136,Apparel,Jacket,33,4,198.84,255.15
Central,107,Apparel,Socks,36,168,9263.52,7629.28
West,102,Home,Mug,14,121,1756.92,1379.92
Central,137,Apparel,Jeans,30,56,554.4,564.81
West,139,Home,Mug,6,182,9842.56,10851.57
North,125,Home,Towel,24,128,12787.2,15786.36
South,116,Electronics,Charger,32,15,1746.15,2383.4
Central,100,Home,Cushion,44,124,12594.68,15887.96
West,118,Home,Towel,51,110,8830.8,9517.04
North,100,Apparel,Socks,16,118,8802.8,9429.08
North,102,Apparel,Jacket,38,57,890.34,856.37
West,138,Electronics,Speaker,2,141,6543.81,7941.41
Central,126,Apparel,Jeans,30,47,2460.92,2911.28
West,140,Apparel,Jeans,49,23,1551.12,1469.54
Central,105,Apparel,Jeans,34,138,12658.74,15004.73
South,123,Electronics,Charger,48,119,11640.58,12059.22
South,113,Home,Towel,22,156,10004.28,12092.22
West,119,Home,Towel,32,100,656.0,642.5
West,130,Home,Towel,24,169,15406.04,19101.26
East,118,Apparel,Socks,51,139,5313.97,4337.24
North,113,Apparel,Jeans,23,39,4347.72,3318.46
North,117,Apparel,Jacket,33,82,2054.1,1878.4
Central,114,Home,Towel,39,28,503.16,535.35
Central,105,Electronics,Speaker,52,140,7870.8,8539.93
South,138,Electronics,Charger,34,46,2409.02,1829.99
South,104,Electronics,Webcam,34,106,992.16,1374.28
Central,101,Electronics,Earbuds,49,135,4985.55,5649.13
East,130,Home,Mug,5,135,11672.1,9411.34
South,100,Home,Towel,21,186,19094.76,26535.16
Central,102,Home,Cushion,52,33,927.63,672.03
South,112,Apparel,T-Shirt,49,67,389.27,306.26
East,105,Home,Cushion,33,120,2392.8,2417.98
West,132,Apparel,Jeans,5,43,2660.41,1983.13
Central,133,Apparel,Socks,11,43,1287.85,1012.73
South,121,Electronics,Webcam,40,6,253.86,314.11
East,105,Electronics,Charger,24,73,4626.74,5286.01
West,137,Apparel,Socks,47,149,5232.88,4486.88
South,140,Apparel,T-Shirt,35,68,5929.6,5516.14
Central,130,Home,Towel,36,191,17952.09,25069.29
East,137,Apparel,Jacket,45,66,4035.24,3280.85
Central,123,Home,Towel,48,0,0.0,0.0
North,140,Electronics,Earbuds,8,180,11640.6,12182.87
East,132,Electronics,Speaker,36,159,8948.52,7329.85
South,119,Home,Towel,17,182,3235.96,3169.27
North,116,Apparel,T-Shirt,16,8,777.68,918.15
West,120,Home,Towel,37,42,3759.84,4396.54
Central,131,Home,Mug,34,130,8699.6,11889.36
South,121,Home,Towel,45,70,5892.6,6228.76
South,133,Electronics,Charger,1,113,4412.65,4438.29
West,103,Home,Cushion,5,73,2505.36,3199.01
East,138,Apparel,T-Shirt,52,105,11007.15,9686.14
East,133,Home,Mug,29,170,19436.1,21013.72
North,107,Electronics,Speaker,6,1,88.35,87.41
South,135,Apparel,Jeans,42,173,16523.23,20282.27
East,133,Electronics,Webcam,5,185,18642.45,23322.78
South,121,Electronics,Charger,15,32,3339.84,4219.74
Central,111,Home,Towel,9,23,751.87,776.32
Central,102,Apparel,T-Shirt,8,115,9397.8,8329.35
South,122,Electronics,Webcam,48,189,18217.71,16775.01
Central,103,Electronics,Earbuds,40,137,6784.24,9383.51
East,119,Home,Lamp,43,107,11033.84,15230.95
North,111,Electronics,Webcam,44,185,13456.9,18474.93
East,138,Apparel,Jeans,24,185,17447.35,20431.98
North,130,Apparel,Jeans,18,146,10938.32,10695.88
South,134,Home,Towel,52,150,12559.5,12698.18
East,111,Home,Lamp,41,28,1876.56,1350.17
South,123,Apparel,Socks,2,137,16100.24,22456.06
West,104,Home,Lamp,16,55,3452.9,2453.99
West,136,Home,Lamp,44,195,4442.1,3492.46
North,108,Home,Cushion,8,178,3001.08,3780.76
North,138,Electronics,Charger,52,126,12853.26,14853.86
North,125,Home,Lamp,6,120,1242.0,1699.4
South,102,Apparel,Socks,38,24,1290.48,1620.55
East,131,Electronics,Speaker,15,102,6100.62,5175.63
Central,111,Electronics,Speaker,4,86,9193.4,11450.79
South,137,Electronics,Earbuds,39,126,11386.62,12367.57
East,113,Home,Lamp,34,54,3112.56,3031.57
South,113,Electronics,Speaker,34,130,11173.5,13367.59
West,132,Apparel,T-Shirt,45,117,12440.61,13199.15
West,107,Apparel,T-Shirt,48,66,3444.54,3101.51
West,118,Apparel,Socks,30,62,5544.04,5321.33
Central,120,Electronics,Webcam,11,197,15239.92,20896.12
Central,107,Home,Mug,52,81,6873.66,7090.98
West,128,Electronics,Charger,23,92,5367.28,6492.99
Central,123,Home,Mug,12,94,1983.4,1466.58
East,111,Home,Cushion,43,121,7465.7,8952.09
West,114,Electronics,Speaker,16,81,6794.28,6316.25
South,118,Apparel,T-Shirt,17,63,5360.04,4301.2
North,135,Electronics,Speaker,15,13,186.29,243.3
South,139,Electronics,Speaker,38,164,2287.8,3156.86
South,111,Electronics,Webcam,16,61,824.72,1067.6
North,113,Electronics,Webcam,13,44,412.72,575.26
East,109,Apparel,Jeans,5,40,3260.8,2480.17
East,106,Electronics,Charger,51,0,0.0,0.0
North,102,Home,Cushion,7,140,12343.8,13021.63
West,117,Apparel,Socks,45,54,5254.2,6263.69
South,108,Apparel,Jeans,47,198,1873.08,1922.76
South,134,Home,Lamp,46,175,1358.0,1191.83
East,128,Home,Towel,1,41,4158.22,5522.71
Central,108,Home,Cushion,42,106,11814.76,13642.93
West,131,Electronics,Earbuds,3,48,3261.12,3227.58
West,101,Home,Cushion,15,79,7644.04,6504.01
West,114,Electronics,Speaker,33,32,475.84,405.22
West,128,Apparel,Jeans,11,180,13512.6,15636.85
North,101,Home,Cushion,37,46,2370.84,3136.74
South,135,Electronics,Speaker,37,149,13646.91,10832.08
Central,136,Apparel,Jacket,39,33,884.73,675.74
Central,116,Electronics,Webcam,32,196,7838.04,7685.19
East,103,Apparel,Jeans,1,160,6632.0,8835.94
West,105,Home,Lamp,5,130,9499.1,12681.65
Central,121,Electronics,Speaker,34,53,5172.27,4261.73
South,122,Home,Mug,36,46,5272.06,5265.72
North,105,Electronics,Speaker,27,15,114.3,90.59
North,119,Apparel,Jacket,37,134,5658.82,4910.65
North,112,Electronics,Earbuds,44,49,2525.95,1931.25
East,103,Home,Towel,39,46,644.92,717.53
North,125,Electronics,Earbuds,8,61,4090.05,3887.86
North,138,Home,Lamp,30,65,5606.9,5100.07
West,103,Electronics,Earbuds,37,100,1536.0,1527.5
West,132,Apparel,Jeans,37,192,7138.56,6982.11
West,103,Apparel,T-Shirt,46,187,5228.52,5918.35
Central,112,Apparel,T-Shirt,12,79,3593.71,4372.38
North,106,Apparel,T-Shirt,23,157,18317.19,13684.65
West,101,Electronics,Charger,3,48,4550.4,5249.9
South,100,Home,Cushion,6,3,195.48,219.81
West,111,Electronics,Speaker,37,89,10360.49,9087.58
West,126,Home,Cushion,30,159,3075.06,2313.19
South,130,Home,Lamp,24,140,14795.2,16188.15
West,131,Electronics,Webcam,16,1,69.88,64.16
West,140,Apparel,T-Shirt,22,67,3571.77,3856.3
East,126,Electronics,Earbuds,34,37,2423.5,2652.57
West,121,Apparel,Socks,49,193,21424.93,24348.94
North,135,Electronics,Webcam,14,33,2396.46,2793.4
South,124,Apparel,Jeans,46,34,3507.1,3343.63
East,114,Electronics,Charger,38,55,1757.8,1630.07
Central,137,Apparel,T-Shirt,7,124,11441.48,10675.7
East,126,Electronics,Webcam,34,125,5447.5,7603.82
South,114,Home,Cushion,51,82,5048.74,5299.08
West,114,Apparel,Jeans,1,174,10702.74,10888.6
West,135,Electronics,Charger,32,18,307.44,377.28
Central,110,Electronics,Earbuds,40,10,551.4,491.4
South,108,Home,Cushion,51,68,6447.08,5940.2
East,101,Electronics,Charger,16,22,893.86,1156.39
South,136,Apparel,Jeans,50,63,6154.47,4526.06
West,113,Home,Towel,12,31,1736.31,1725.22
Central,108,Electronics,Charger,7,73,1489.93,1796.11
North,109,Home,Towel,29,52,4421.04,6119.86
West,138,Home,Lamp,34,198,5502.42,4045.95
North,103,Electronics,Speaker,32,27,568.35,695.08
North,103,Home,Mug,43,64,7379.84,8160.22
West,121,Electronics,Charger,23,26,950.56,892.57
North,132,Electronics,Earbuds,39,60,5446.2,6084.28
South,105,Apparel,Socks,37,190,7284.6,7492.06
Central,107,Apparel,T-Shirt,17,115,4044.55,5311.76
Central,127,Electronics,Charger,17,115,9971.65,8584.67
North,124,Home,Cushion,20,196,17012.8,14473.62
South,117,Apparel,T-Shirt,50,39,1674.27,2338.09
East,108,Electronics,Webcam,32,33,1813.35,1617.49
Central,109,Home,Mug,34,133,5167.05,3834.4
Central,105,Electronics,Speaker,26,114,796.86,629.91
South,135,Apparel,T-Shirt,18,133,3255.84,4486.37
North,131,Home,Towel,3,124,14344.32,18934.18
West,135,Apparel,Jeans,33,85,5688.2,7328.6
South,127,Electronics,Speaker,8,39,3883.23,3586.95
West,103,Home,Mug,34,56,5320.0,3939.87
Central,102,Electronics,Earbuds,46,87,6157.86,7352.6
West,119,Home,Cushion,44,176,19166.4,18372.07
West,124,Electronics,Earbuds,50,69,6314.19,6163.14
West,109,Electronics,Charger,22,58,3645.3,4415.74
North,117,Home,Mug,25,162,11456.64,8744.41
Central,129,Apparel,Socks,21,7,90.72,107.2
South,111,Electronics,Speaker,15,124,2560.6,3438.56
East,133,Home,Cushion,10,192,7069.44,8262.84
West,134,Home,Mug,49,79,8908.04,8428.06
South,131,Apparel,T-Shirt,42,157,883.91,1129.14
Central,129,Home,Towel,47,127,15134.59,11766.81
South,140,Home,Towel,22,13,503.75,490.48
East,130,Electronics,Charger,19,18,1286.64,1236.31
West,108,Apparel,Jacket,24,57,2765.07,2909.43
Central,133,Home,Lamp,5,173,1385.73,1078.76
West,108,Home,Lamp,10,110,3478.2,3562.22
North,126,Electronics,Webcam,45,164,18482.8,19043.23
North,118,Apparel,Jacket,9,42,942.48,1318.22
North,139,Apparel,T-Shirt,19,5,86.85,79.04
East,100,Home,Cushion,19,187,2950.86,3513.64
East,137,Home,Lamp,22,56,5508.72,7591.43
South,112,Home,Cushion,46,109,7965.72,8199.47
South,130,Electronics,Webcam,15,24,1225.44,1219.87
East,109,Home,Cushion,47,136,15675.36,12952.66
Central,119,Home,Cushion,23,198,997.92,1392.29
West,118,Home,Lamp,2,180,8348.4,10423.88
East,131,Electronics,Speaker,52,23,526.24,577.46
West,135,Electronics,Webcam,11,108,6679.8,6899.52
West,121,Home,Towel,38,198,5781.6,6802.76
North,106,Home,Mug,25,89,9237.31,12240.79
North,134,Electronics,Charger,19,132,1634.16,2163.45
South,123,Electronics,Charger,47,103,9028.98,11079.56
Central,107,Home,Mug,13,139,14717.32,17733.11
Central,131,Apparel,Socks,30,131,15340.1,19195.77
West,131,Home,Towel,41,60,7036.8,9400.21
South,102,Apparel,Jacket,25,157,11570.9,12660.2
East,119,Electronics,Webcam,39,173,4745.39,6102.44
Central,106,Home,Towel,18,58,321.9,427.14
North,114,Electronics,Earbuds,50,169,8345.22,11608.97
West,115,Home,Mug,24,107,4087.4,5498.31
West,113,Apparel,Jacket,43,15,390.15,294.89
Central,135,Electronics,Earbuds,20,195,3999.45,5064.66
South,116,Home,Towel,8,135,10644.75,10783.2
South,100,Electronics,Speaker,49,91,7821.45,7013.35
Central,103,Apparel,T-Shirt,21,184,6474.96,7886.76
South,124,Home,Cushion,13,8,578.72,436.02
Central,126,Electronics,Webcam,44,196,13347.6,17818.45
Central,126,Apparel,T-Shirt,40,146,7568.64,10104.89
Central,111,Home,Mug,1,159,3707.88,5178.55
West,113,Apparel,Jacket,20,49,1661.1,1206.17
East,117,Apparel,Jeans,21,135,14112.9,16668.89
East,104,Home,Towel,24,19,1493.4,1415.23
Central,109,Electronics,Speaker,19,11,591.8,620.6
South,103,Apparel,Jeans,21,171,7453.89,6648.35
North,110,Apparel,Jacket,26,104,9048.0,12237.77
North,140,Home,Cushion,30,149,6153.7,6482.51
West,119,Home,Towel,26,144,11969.28,16455.14
East,127,Home,Cushion,26,53,770.62,1033.24
South,130,Electronics,Webcam,15,72,1267.92,1416.64
North,139,Apparel,Socks,32,164,4357.48,5022.06
South,130,Electronics,Speaker,15,143,5699.98,5300.02
West,129,Home,Lamp,47,51,4523.7,5146.45
North,125,Home,Towel,34,50,4648.0,5516.21
West,137,Electronics,Earbuds,4,48,4052.16,4294.49
West,116,Electronics,Webcam,32,64,2412.16,2931.72
South,131,Electronics,Webcam,24,19,2166.76,2848.98
North,138,Apparel,Jeans,7,175,20100.5,24645.52
West,106,Home,Towel,40,82,2350.12,3060.17
West,106,Apparel,Jeans,43,64,3616.64,2663.78
Central,101,Electronics,Speaker,15,48,2713.44,2201.34
Central,138,Apparel,Jeans,48,29,2612.61,2967.67
North,104,Electronics,Charger,22,41,3441.13,3330.11
North,108,Apparel,T-Shirt,12,138,5698.02,5346.11
North,133,Electronics,Earbuds,49,64,3009.28,3837.66
South,125,Apparel,T-Shirt,11,118,11539.22,9008.94
East,139,Electronics,Earbuds,5,21,443.73,570.49
West,109,Electronics,Speaker,39,184,12635.28,9870.92
West,102,Home,Cushion,33,125,12825.0,12387.09
North,102,Home,Lamp,17,52,3332.16,4521.98
East,113,Apparel,Jacket,23,168,19667.76,23280.36
Central,106,Home,Mug,48,93,3497.73,4304.07
West,132,Apparel,Jacket,18,152,1588.4,2111.77
South,138,Apparel,Jeans,4,72,3373.2,4179.98
East,135,Apparel,Jeans,19,27,3024.27,2913.38
North,128,Electronics,Webcam,42,5,511.4,500.2
South,106,Apparel,Jacket,26,17,683.06,879.85
West,126,Home,Cushion,14,197,17613.77,17610.25
West,138,Apparel,Jacket,36,88,9466.16,8777.06
East,102,Apparel,T-Shirt,42,166,16163.42,20502.98
East,108,Electronics,Speaker,34,179,14613.56,11195.74
North,119,Apparel,Jacket,40,71,3685.61,4114.14
North,119,Home,Towel,52,185,11096.3,14835.81
South,134,Home,Lamp,35,11,1221.55,882.54
North,109,Home,Mug,42,88,2048.64,1452.41
North,128,Home,Mug,33,137,2508.47,2955.93
North,136,Electronics,Charger,49,11,984.17,1183.37
South,129,Home,Cushion,44,28,672.28,898.07
East,130,Electronics,Speaker,44,137,15468.67,18365.18
Central,123,Apparel,Jeans,27,180,3574.8,2695.01
West,109,Electronics,Speaker,36,121,8175.97,7632.93
South,127,Apparel,T-Shirt,47,27,594.0,635.09
South,140,Apparel,Socks,34,140,6990.2,8614.97
West,125,Electronics,Charger,40,174,5747.22,5367.26
Central,130,Apparel,T-Shirt,34,131,14246.25,19835.94
Central,129,Apparel,Jeans,46,74,3797.68,3968.75
North,125,Home,Mug,49,82,2268.12,2091.78
East,120,Apparel,Jeans,23,133,15956.01,17020.74
East,136,Apparel,Socks,51,11,801.35,954.3
South,125,Home,Towel,49,13,976.17,1201.92
West,111,Home,Lamp,36,129,9489.24,7429.37
North,123,Home,Cushion,27,188,8256.96,7700.42
South,129,Apparel,Jeans,51,65,1629.55,1538.67
North,123,Electronics,Charger,45,150,8707.5,9319.17
Central,127,Apparel,Jeans,21,107,9830.09,11797.35
South,136,Home,Mug,11,190,14134.1,10395.38
South,117,Electronics,Webcam,48,196,8049.72,11021.88
North,123,Electronics,Charger,17,117,5021.64,4435.43
South,111,Home,Mug,14,108,7008.12,5617.34
South,118,Apparel,Jacket,1,12,1168.8,1503.38
West,134,Home,Towel,44,174,18249.12,18823.58
South,135,Apparel,T-Shirt,23,34,591.94,475.83
West,105,Home,Cushion,37,51,2592.84,3608.29
East,121,Home,Mug,34,137,14004.14,10774.28
North,137,Electronics,Charger,1,104,8580.0,9710.64
West,128,Electronics,Webcam,7,182,18225.48,20099.04
East,119,Apparel,T-Shirt,13,36,3550.32,3491.27
North,114,Apparel,Socks,28,55,4068.9,3003.2
Central,118,Apparel,T-Shirt,14,192,18046.08,18536.3
West,137,Apparel,Jacket,46,46,1737.42,1648.1
South,127,Electronics,Earbuds,17,191,16502.4,13664.43
East,136,Apparel,Jacket,4,59,6055.76,6227.12
East,107,Apparel,T-Shirt,12,180,19011.6,14179.99
North,135,Apparel,Socks,35,49,2552.41,2904.99
East,103,Electronics,Webcam,21,51,689.52,962.49
East,124,Electronics,Speaker,30,82,5738.36,6937.22
East,110,Apparel,Socks,26,87,7155.75,8652.05
West,132,Electronics,Speaker,51,116,2040.44,2341.9
West,104,Home,Cushion,20,126,3337.74,2965.16
West,130,Electronics,Webcam,28,105,8744.4,8220.85
East,128,Apparel,Jacket,32,113,6337.04,4572.21
North,125,Apparel,Socks,30,79,8405.6,10631.69
Central,135,Electronics,Earbuds,1,78,3985.8,4278.85
North,109,Apparel,T-Shirt,10,26,1865.24,1659.62
West,118,Home,Mug,29,43,2396.39,3069.61
North,127,Apparel,Jeans,7,57,352.26,247.54
West,122,Electronics,Webcam,7,26,1846.78,2099.74
Central,122,Home,Lamp,5,113,5447.73,6614.16
West,117,Apparel,Jeans,5,53,2445.95,3110.54
West,140,Home,Mug,7,10,1001.7,790.68
North,113,Electronics,Webcam,27,171,17688.24,15629.72
East,122,Electronics,Earbuds,44,141,7351.74,7037.88
Central,128,Apparel,Socks,22,43,2521.95,2410.69
East,111,Electronics,Webcam,28,138,7758.36,10829.64
Central,110,Home,Cushion,37,96,4246.08,4610.02
South,114,Electronics,Webcam,37,101,7688.12,6134.83
North,119,Electronics,Speaker,28,195,6202.95,7416.42
Central,107,Home,Cushion,50,178,1886.8,1754.61
West,127,Apparel,T-Shirt,39,128,5036.8,4825.35
East,138,Apparel,Socks,41,119,6392.68,5071.68
West,116,Home,Towel,28,155,11780.0,10691.27
West,126,Electronics,Speaker,1,29,570.72,577.33
West,140,Home,Towel,29,74,625.3,482.84
West,103,Apparel,T-Shirt,32,82,7039.7,5219.2
South,119,Electronics,Earbuds,41,60,7095.0,5431.41
North,127,Home,Lamp,19,59,1741.68,1256.15
East,130,Home,Lamp,11,193,1518.91,1686.92
Central,133,Home,Towel,28,27,2689.2,2886.95
East,131,Home,Cushion,50,120,8847.6,11797.08
West,101,Apparel,Jeans,1,45,2321.1,2869.79
Central,129,Apparel,Jacket,44,136,7383.44,5938.69
South,110,Electronics,Webcam,39,10,653.1,787.66
Central,102,Apparel,Jeans,48,84,8849.4,7337.79
Central,124,Electronics,Webcam,11,179,2833.57,2436.62
North,129,Home,Towel,7,183,18173.73,22032.42
East,114,Home,Cushion,10,67,1289.08,1435.22
South,128,Apparel,Socks,8,51,4361.01,5174.24
North,108,Electronics,Speaker,15,12,228.6,261.02
East,135,Apparel,Jacket,28,15,1486.35,1722.21
South,118,Electronics,Earbuds,37,15,857.25,1054.16
Central,107,Electronics,Speaker,30,88,9742.48,9386.69
East,134,Apparel,Jacket,28,132,3020.16,3155.83
West,118,Home,Towel,17,111,12941.49,10981.24
West,140,Home,Lamp,15,78,6892.86,6146.26
East,130,Home,Mug,16,82,8172.94,11103.62
South,128,Home,Lamp,2,170,9455.4,11518.48
Central,115,Electronics,Earbuds,44,66,4423.32,3836.87
West,122,Home,Mug,21,47,5606.63,5762.01
North,138,Electronics,Speaker,28,68,2131.8,2703.93
Central,128,Home,Mug,49,33,1291.62,1309.8
East,133,Apparel,Jeans,35,8,636.56,594.8
East,126,Electronics,Speaker,22,184,12701.52,15352.13
Central,124,Electronics,Charger,13,37,1527.73,1547.39
North,129,Electronics,Webcam,50,118,7711.3,7989.66
North,104,Electronics,Webcam,36,32,2246.08,2413.07
West,132,Electronics,Webcam,28,81,8407.8,8287.18
Central,127,Home,Cushion,24,196,5870.2,6686.28
North,123,Electronics,Earbuds,33,91,8221.85,8598.42
South,126,Electronics,Charger,30,145,11671.05,12441.1
Central,115,Electronics,Webcam,49,198,6320.16,7328.47
East,138,Home,Lamp,34,198,18221.94,13042.2
Central,138,Apparel,Socks,16,79,3186.07,3466.91
Central,111,Electronics,Webcam,27,17,428.74,552.25
West,105,Home,Cushion,49,75,6646.5,6363.72
South,109,Electronics,Charger,28,155,4880.95,4443.68
South,108,Electronics,Speaker,1,141,9588.0,12900.57
West,113,Electronics,Speaker,15,187,5464.14,7124.02
Central,113,Apparel,Jeans,46,82,4503.44,6073.9
East,131,Electronics,Earbuds,13,136,4497.52,4689.9
East,115,Apparel,Jacket,2,187,15986.63,16014.06
West,125,Apparel,Socks,17,102,6122.04,5197.98
North,120,Apparel,T-Shirt,24,195,7593.3,10282.58
West,134,Home,Cushion,15,35,459.55,580.01
East,126,Electronics,Webcam,15,49,540.47,427.57
Central,133,Electronics,Speaker,24,58,5040.2,4304.11
West,126,Electronics,Charger,4,35,2742.25,2246.04
South,134,Electronics,Speaker,28,116,1358.36,1517.83
West,123,Home,Cushion,2,144,1429.92,1853.41
South,107,Home,Mug,49,106,5806.68,4684.91
East,114,Apparel,Jacket,16,40,4084.4,4195.14
North,111,Apparel,Jacket,46,179,12184.53,12250.94
West,121,Electronics,Webcam,7,43,1512.74,1981.08
East,103,Home,Lamp,41,173,3662.41,3647.66
East,115,Home,Lamp,33,5,321.15,388.51
South,126,Apparel,Jeans,17,162,5512.86,4073.87
East,126,Home,Towel,51,33,2021.58,2410.11
North,105,Electronics,Webcam,46,170,11784.4,10487.98
West,104,Apparel,Socks,23,156,11283.48,9641.72
Central,102,Home,Towel,20,174,12975.18,14005.07
North,124,Apparel,T-Shirt,27,37,3237.13,3389.46
East,120,Electronics,Speaker,39,197,10269.61,8031.77
Central,137,Electronics,Charger,26,67,4572.75,4591.82
Central,130,Apparel,Jacket,8,182,20311.2,20180.76
Central,122,Electronics,Charger,24,176,1258.4,1256.29
West,114,Electronics,Earbuds,33,6,327.84,370.33
South,136,Electronics,Speaker,21,34,1410.66,1520.27
West,103,Apparel,Socks,27,38,1267.3,1555.35
Central,111,Home,Mug,51,51,4464.03,4202.05
West,137,Home,Cushion,26,91,3440.71,4075.33
East,118,Electronics,Charger,32,65,3840.2,2770.04
North,123,Home,Towel,41,30,469.8,502.78
Central,103,Electronics,Webcam,42,189,975.24,713.84
Central,105,Home,Lamp,46,57,4444.29,4588.58
East,129,Apparel,Jeans,6,1,11.55,12.95
Central,123,Home,Towel,23,63,7235.55,9641.7
South,139,Home,Lamp,14,100,5790.0,7258.25
West,121,Home,Cushion,29,69,1673.25,1492.68
East,111,Home,Lamp,52,18,1270.44,1157.72
Central,107,Apparel,T-Shirt,39,115,13252.6,18205.13
Central,128,Home,Lamp,34,94,7775.68,7032.87
East,118,Electronics,Speaker,46,27,1186.65,915.23
South,136,Electronics,Webcam,26,80,8969.6,12002.7
Central,100,Home,Cushion,52,2,151.12,199.64
Central,126,Apparel,Jacket,2,49,2889.53,3274.37
West,113,Electronics,Earbuds,32,117,13670.28,17356.2
East,105,Home,Towel,35,56,2945.04,3682.93
South,120,Apparel,Jacket,29,139,3746.05,4889.33
North,124,Home,Cushion,51,179,2867.58,3048.41
East,120,Electronics,Charger,35,155,7505.1,6019.13
West,121,Electronics,Charger,52,166,6910.58,6576.76
South,124,Home,Mug,5,183,9801.48,9405.27
North,104,Electronics,Earbuds,36,10,245.7,220.51
North,123,Home,Lamp,35,106,9958.7,10450.24
Central,125,Electronics,Earbuds,1,140,8449.0,9818.65
Central,138,Electronics,Speaker,23,24,631.2,535.95
North,118,Apparel,Jeans,3,10,677.3,515.21
South,132,Apparel,Jeans,29,74,5678.02,5684.55
Central,107,Home,Lamp,36,198,7017.12,8579.69
South,123,Home,Cushion,3,170,20126.3,15766.59
West,103,Home,Lamp,27,77,4218.06,4961.23
West,120,Apparel,Socks,49,21,649.74,603.74
East,139,Electronics,Earbuds,40,37,3990.08,3070.44
East,137,Home,Lamp,27,102,7046.16,5747.61
South,139,Electronics,Webcam,38,14,1370.88,1527.06
North,118,Electronics,Charger,19,6,315.24,355.24
West,127,Electronics,Webcam,14,86,1328.7,1163.62
Central,133,Electronics,Speaker,5,149,8957.88,8549.53
Central,115,Home,Towel,20,91,5629.26,7780.68
Central,119,Apparel,Socks,19,45,3564.0,4808.77
West,108,Apparel,Jacket,17,123,8558.34,6517.62
South,115,Electronics,Speaker,4,9,221.4,160.84
West,101,Electronics,Earbuds,38,18,1342.44,981.36
Central,136,Apparel,T-Shirt,23,180,12715.2,15115.22
South,133,Home,Cushion,42,176,16355.68,15946.15
East,117,Apparel,Jeans,15,181,9685.31,6813.79
East,124,Apparel,Socks,11,6,84.42,82.08
South,105,Electronics,Earbuds,26,73,7213.86,9549.01
North,102,Home,Cushion,11,135,6498.9,5386.22
Central,134,Apparel,Socks,33,170,13839.7,11424.73
Central,126,Apparel,Socks,40,55,2514.6,2040.48
East,116,Home,Cushion,31,177,18643.41,14930.93
North,114,Electronics,Speaker,47,197,19118.85,26071.25
Central,112,Home,Mug,21,99,4494.6,6146.0
Central,131,Electronics,Earbuds,33,169,10579.4,13261.7
East,118,Apparel,Jeans,33,92,10311.36,14407.7
East,112,Apparel,Socks,5,27,2151.09,1948.29
East,132,Electronics,Earbuds,11,190,14873.2,19194.53
Central,132,Home,Towel,9,93,3053.19,2872.04
East,115,Home,Cushion,11,60,3246.6,3598.03
South,133,Apparel,Jeans,13,55,3361.05,4314.77
South,130,Apparel,Jeans,47,150,16162.5,17067.97
Central,128,Home,Mug,18,146,3833.96,5122.8
North,102,Apparel,Socks,48,107,10040.88,10085.28
West,120,Apparel,Jacket,52,58,6736.12,4903.22
Central,106,Home,Towel,38,22,2007.28,1868.27
West,127,Apparel,Socks,18,189,18542.79,21297.02
West,111,Home,Lamp,51,136,10133.36,12526.39
East,129,Electronics,Charger,45,133,7760.55,8640.37
East,108,Electronics,Charger,20,190,18405.3,23422.03
Central,132,Home,Lamp,26,101,9610.15,11933.17
North,117,Apparel,Socks,25,161,5960.22,4359.69
West,101,Home,Cushion,26,39,432.12,452.29
East,106,Apparel,T-Shirt,48,80,7382.4,8579.51
South,115,Electronics,Charger,9,172,18201.04,19676.45
West,122,Electronics,Earbuds,14,28,2150.96,2019.67
West,109,Electronics,Speaker,7,48,4859.04,6515.18
South,140,Electronics,Speaker,31,60,5568.6,5526.14
West,137,Home,Mug,14,118,3446.78,4078.61
South,106,Home,Lamp,39,98,8205.54,7193.96
West,138,Home,Mug,26,168,19619.04,23636.16
West,114,Home,Towel,15,172,3878.6,3997.49
Central,106,Electronics,Speaker,31,28,697.76,782.34
East,105,Home,Cushion,51,157,8088.64,7828.46
West,113,Apparel,Jeans,40,87,8507.73,6780.99
West,123,Home,Mug,28,138,11205.6,12106.65
East,129,Electronics,Speaker,32,156,8619.0,9428.77
North,130,Apparel,Jeans,26,75,5262.75,3974.34
Central,133,Electronics,Speaker,32,122,10007.66,9959.02
South,100,Apparel,Socks,47,145,16792.45,18090.67
West,129,Home,Cushion,22,62,2042.9,2562.17
East,125,Apparel,T-Shirt,37,111,6422.46,5087.09
Central,118,Electronics,Webcam,21,96,10453.44,9233.35
East,105,Apparel,Jeans,7,175,12005.0,11708.5
North,132,Home,Lamp,6,25,2620.25,2779.61
Central,114,Home,Towel,9,180,3403.8,2596.11
East,114,Electronics,Earbuds,24,77,3486.56,4712.78
East,124,Home,Lamp,41,143,1462.89,1969.73
South,133,Electronics,Charger,40,113,4847.7,6210.99
North,100,Electronics,Speaker,25,163,13899.01,15024.86
North,122,Apparel,T-Shirt,22,86,9408.4,6602.01
North,107,Apparel,Jacket,32,112,9104.48,12679.19
West,114,Home,Towel,4,62,4421.84,6086.78
North,119,Home,Mug,15,70,1463.7,1324.92
West,124,Electronics,Charger,20,170,11311.8,13156.64
West,108,Home,Cushion,3,128,13200.64,10959.32
South,105,Apparel,T-Shirt,16,20,2083.4,2288.51
East,118,Home,Lamp,33,82,3544.86,3920.21
Central,100,Apparel,Jeans,52,53,2609.72,2303.6
West,100,Electronics,Earbuds,17,164,5166.0,4062.84
North,129,Electronics,Charger,36,110,4995.1,4504.25
West,103,Electronics,Earbuds,34,191,9462.14,7454.41
East,105,Home,Towel,32,79,2586.46,2992.23
North,115,Apparel,Jeans,6,101,11302.91,8340.73
South,121,Electronics,Charger,52,111,8308.35,8293.76
North,132,Apparel,Jacket,48,81,7759.8,9421.95
South,111,Electronics,Speaker,27,59,3750.04,2731.65
North,136,Apparel,Jeans,7,68,3066.12,3589.7
Central,138,Apparel,Jeans,46,144,5251.68,5393.01
North,114,Home,Mug,26,152,10466.72,12304.43
South,117,Electronics,Speaker,11,146,12834.86,12840.28
North,109,Home,Cushion,30,184,5704.0,5007.45
North,105,Home,Cushion,9,92,718.52,583.35
East,118,Electronics,Speaker,9,111,7958.7,6947.08
West,115,Electronics,Webcam,10,109,11215.01,13483.23
South,127,Apparel,Socks,12,174,8371.14,7115.77
Central,114,Electronics,Earbuds,7,152,5161.92,5358.94
North,107,Electronics,Webcam,42,10,208.9,176.5
Central,131,Apparel,Jacket,37,47,5454.82,5220.56
North,105,Electronics,Webcam,18,33,3883.77,5180.07
Central,111,Electronics,Webcam,19,125,8390.0,11565.42
Central,119,Home,Towel,31,34,949.28,973.82
East,129,Apparel,Jeans,30,161,5540.01,5319.16
South,131,Electronics,Speaker,42,3,36.57,45.69
South,125,Home,Towel,25,56,1164.8,1500.91
South,127,Home,Mug,17,193,986.23,926.6
East,110,Apparel,Jacket,29,70,5951.4,6158.64
South,127,Home,Cushion,30,44,2775.96,3177.54
East,129,Apparel,Jacket,33,78,1357.98,1288.21
South,105,Electronics,Earbuds,1,128,6172.16,5956.65
South,138,Electronics,Webcam,41,127,1844.04,1474.13
East,133,Apparel,T-Shirt,27,45,2059.65,2356.9
South,113,Apparel,Socks,44,41,4006.52,4064.78
North,121,Electronics,Charger,7,88,7378.8,5567.35
South,130,Electronics,Webcam,21,46,4188.3,4462.17
East,105,Electronics,Speaker,4,15,851.7,1141.38
Central,125,Electronics,Earbuds,50,39,3056.43,4169.53
West,109,Apparel,Jeans,13,67,5498.69,7530.5
East,110,Electronics,Earbuds,1,168,11072.88,11937.4
East,125,Electronics,Earbuds,50,167,19669.26,15502.11
North,139,Apparel,Jacket,2,180,1283.4,1178.7
North,140,Electronics,Speaker,8,10,1098.2,838.22
West,102,Electronics,Earbuds,14,112,3543.68,3404.76
South,105,Home,Lamp,13,164,4737.96,5788.87
North,126,Home,Lamp,23,49,3553.48,3559.74
Central,101,Home,Mug,36,106,1940.86,1970.55
Central,117,Apparel,Socks,27,3,316.23,422.4
South,136,Electronics,Earbuds,48,130,13349.7,9470.45
South,113,Electronics,Charger,49,113,3082.64,3800.12
West,132,Home,Towel,37,87,10138.98,8818.41
Central,109,Home,Mug,20,46,3740.26,4944.44
North,140,Apparel,Jeans,36,49,4536.91,4220.03
East,102,Home,Lamp,24,77,921.69,1105.25
West,125,Apparel,Jacket,13,178,7848.02,10835.88
Central,117,Apparel,Jacket,15,193,10506.92,9059.37
East,135,Home,Lamp,43,197,1635.1,2219.85
East,103,Electronics,Speaker,33,190,10645.7,12633.08
North,122,Apparel,T-Shirt,12,18,1938.6,1921.32
East,103,Apparel,Socks,12,34,3093.32,2744.55
East,122,Home,Lamp,52,169,15149.16,17429.11
East,108,Electronics,Charger,35,145,9581.6,7962.83
South,116,Apparel,Jeans,48,10,414.8,371.79
North,121,Electronics,Earbuds,20,118,994.74,1322.9
West,113,Electronics,Webcam,32,25,1967.5,1421.03
Central,111,Electronics,Webcam,22,152,16669.84,12135.39
South,126,Electronics,Webcam,51,126,829.08,692.81
South,137,Apparel,Jeans,9,139,13232.8,13446.9
South,112,Electronics,Earbuds,24,123,11844.9,11048.0
East,140,Apparel,Jeans,12,65,484.25,385.38
Central,106,Home,Mug,9,180,4483.8,3804.16
Central,105,Electronics,Charger,15,127,11489.69,13898.35
Central,116,Electronics,Charger,44,85,2500.7,2524.27
North,114,Electronics,Speaker,40,169,12124.06,15299.03
South,107,Apparel,Jeans,8,174,16013.22,12011.38
Central,138,Home,Lamp,35,41,1734.3,1946.4
North,135,Electronics,Earbuds,26,145,5598.45,6124.7
East,140,Home,Lamp,18,49,5306.7,3751.09
North,117,Home,Towel,15,52,4155.84,4354.86
East,140,Electronics,Charger,5,15,115.65,150.37
East,105,Home,Cushion,45,54,3565.62,3317.95
East,107,Apparel,Jacket,46,62,6766.68,4918.34
Central,133,Apparel,Socks,22,68,719.44,667.82
East,107,Home,Towel,45,107,2761.67,3830.17
Central,134,Electronics,Earbuds,52,146,13010.06,9514.31
Central,116,Home,Lamp,20,123,7903.98,8463.32
Central,138,Home,Cushion,36,131,4033.49,4242.74
South,128,Home,Towel,12,62,5428.72,6458.01
Central,119,Home,Mug,52,97,5551.31,5911.65
North,126,Apparel,Socks,34,103,2269.09,3134.52
West,127,Apparel,T-Shirt,37,134,7218.58,6076.18
North,119,Home,Towel,17,51,4786.35,4520.2
East,107,Electronics,Speaker,8,199,4875.5,3729.31
Central,111,Apparel,T-Shirt,16,128,849.92,790.37
South,128,Electronics,Charger,4,39,3989.7,2843.86
South,125,Home,Lamp,45,187,15921.18,20804.44
East,120,Apparel,T-Shirt,16,158,3009.9,2802.08
North,136,Apparel,Jeans,9,125,3248.75,3099.55
South,113,Home,Lamp,50,52,4545.32,4050.06
Central,116,Home,Cushion,19,155,10963.15,13161.64
West,108,Apparel,Socks,12,131,14368.08,19364.61
South,135,Home,Cushion,8,186,1567.98,2020.07
Central,132,Electronics,Speaker,7,50,965.5,1348.43
West,116,Home,Towel,11,96,10371.84,11314.52
North,107,Home,Towel,46,153,832.32,587.59
East,101,Home,Towel,26,194,15329.88,15102.89
North,140,Apparel,Jacket,28,135,6804.0,5988.08
Central,133,Electronics,Webcam,6,181,9205.66,8018.71
North,122,Electronics,Speaker,20,121,12896.18,16555.18
West,115,Apparel,Jeans,27,194,22104.36,18607.27
South,111,Apparel,Jacket,17,77,4047.12,4395.67
North,121,Home,Towel,21,130,2427.1,2449.01
West,130,Electronics,Speaker,32,153,1136.79,843.14
East,121,Electronics,Charger,19,33,1881.66,2215.33
West,108,Home,Lamp,39,141,3343.11,3865.56
Central,104,Apparel,T-Shirt,32,199,8350.04,8274.08
East,128,Home,Cushion,30,18,1689.3,1284.54
North,133,Apparel,Jacket,4,144,7022.88,7131.59
South,134,Apparel,T-Shirt,21,167,11250.79,15390.85
West,103,Electronics,Webcam,8,37,3984.16,4267.63
South,110,Home,Lamp,26,163,7584.39,9445.65
Central,113,Apparel,Socks,14,46,3888.38,4165.79
South,134,Apparel,Socks,10,162,4693.14,4026.28
North,115,Home,Mug,29,169,3861.65,3997.46
West,113,Home,Mug,11,89,968.32,739.14
South,116,Apparel,T-Shirt,4,79,4751.85,6283.69
East,125,Electronics,Charger,35,109,7972.26,8507.1
South,111,Home,Cushion,10,133,3845.03,3582.13
Central,110,Apparel,Jeans,13,23,1465.1,1736.52
Central,117,Home,Towel,29,82,2412.44,1760.5
East,123,Electronics,Webcam,46,74,2581.12,2165.75
East,130,Electronics,Charger,15,10,1021.0,892.04
South,115,Apparel,Socks,3,153,14766.03,19980.34
West,105,Home,Lamp,27,167,14413.77,12350.01
West,101,Apparel,T-Shirt,14,137,9236.54,12176.2
West,117,Apparel,Socks,51,45,3323.25,2896.7
East,130,Electronics,Webcam,29,47,4580.62,6084.21
South,132,Home,Cushion,35,45,3397.95,4452.6
Central,113,Apparel,Socks,15,146,6734.98,6475.78
West,124,Home,Lamp,45,124,6886.96,7328.57
West,116,Electronics,Webcam,24,181,14979.56,16261.16
South,124,Electronics,Webcam,30,96,3308.16,4175.7
Central,100,Electronics,Webcam,17,27,2522.07,3210.75
East,114,Home,Lamp,6,96,6943.68,7846.95
West,117,Home,Mug,23,77,2442.44,3099.37
West,135,Home,Mug,36,58,2260.84,3146.84
West,136,Apparel,T-Shirt,10,193,6718.33,5169.15
North,124,Apparel,Socks,46,125,9118.75,7312.12
South,117,Home,Mug,3,147,14034.09,19533.22
East,140,Electronics,Speaker,39,96,4035.84,3670.0
North,116,Home,Cushion,42,75,8622.0,9869.86
North,101,Apparel,T-Shirt,12,108,7879.68,9900.36
East,125,Home,Lamp,43,119,10786.16,11825.88
Central,111,Electronics,Earbuds,51,159,18286.59,16004.51
North,113,Electronics,Speaker,8,138,6109.26,8321.14
North,119,Home,Lamp,48,45,5306.4,6528.11
South,104,Home,Cushion,34,2,80.12,98.93
South,128,Home,Cushion,38,124,9086.72,7419.52
North,105,Home,Lamp,30,7,800.66,1105.04
North,128,Electronics,Earbuds,13,39,978.51,1242.9
Central,115,Apparel,Jeans,46,140,16613.8,12217.44
South,111,Electronics,Webcam,13,20,2046.2,1643.11
North,135,Home,Towel,12,154,12433.96,10191.34
Central,109,Home,Mug,22,23,555.91,537.61
Central,100,Home,Lamp,20,90,9511.2,9715.93
South,121,Apparel,Jacket,29,166,16980.14,21227.31
South,121,Electronics,Earbuds,6,188,19078.24,17948.5
North,122,Apparel,Socks,39,42,2729.58,2116.56
East,132,Apparel,Socks,1,165,1311.75,1311.02
East,110,Apparel,Socks,7,150,14872.5,20250.29
Central,112,Home,Cushion,45,85,2304.35,2421.19
South,132,Electronics,Charger,51,25,465.0,368.44
South,123,Apparel,Jeans,21,106,6356.82,5314.69
South,137,Home,Mug,17,105,10887.45,13812.27
North,124,Apparel,Socks,17,188,16568.44,20864.01
North,128,Electronics,Speaker,1,105,9489.9,11347.15
Central,125,Electronics,Earbuds,25,136,3589.04,3535.95
North,127,Home,Mug,37,103,3928.42,4002.54
Central,108,Apparel,Socks,32,123,8579.25,9228.7
West,100,Electronics,Speaker,14,38,892.62,1097.84
East,102,Electronics,Speaker,4,82,1275.1,1676.86
Central,108,Apparel,Jacket,15,49,3241.35,3879.43
West,123,Apparel,T-Shirt,41,102,8607.78,11072.85
South,139,Electronics,Speaker,30,193,6608.32,8383.12
South,122,Apparel,T-Shirt,44,138,14462.4,15785.85
North,100,Home,Towel,41,9,139.95,155.31
West,138,Home,Towel,8,129,12276.93,11015.62
West,107,Home,Towel,16,150,13005.0,12645.82
East,133,Electronics,Charger,48,4,302.24,257.82
North,115,Home,Towel,21,149,8570.48,9425.2
East,139,Electronics,Speaker,38,127,13760.45,12675.3
East,122,Home,Mug,44,125,2895.0,3318.85
West,132,Home,Lamp,39,29,972.66,1321.4
North,123,Electronics,Webcam,30,91,1673.49,2342.68
West,140,Apparel,Jeans,9,139,14540.79,17991.84
Central,126,Home,Lamp,40,0,0.0,0.0
East,102,Home,Cushion,6,51,1569.27,1856.52
South,105,Home,Cushion,14,133,10957.87,13835.12
South,121,Home,Lamp,9,85,3978.85,3841.53
South,121,Home,Towel,43,190,7153.5,7376.73
East,118,Home,Mug,3,117,8597.16,9506.54
West,114,Home,Towel,15,47,3478.47,4442.3
Central,126,Home,Cushion,49,189,16261.56,20184.09
Central,104,Home,Lamp,1,116,13149.76,10769.27
South,113,Home,Lamp,33,142,7550.14,6688.58
South,129,Apparel,Jacket,5,114,10126.62,11222.34
West,107,Apparel,T-Shirt,35,49,1011.85,1224.17
South,130,Apparel,Socks,36,88,9700.24,13541.63
East,107,Electronics,Webcam,8,60,3571.8,4040.66
Central,138,Home,Cushion,41,16,1273.76,1700.65
Central,121,Home,Towel,36,109,3418.24,3216.73
West,125,Electronics,Webcam,34,105,3283.35,3743.86
East,100,Home,Towel,49,14,1362.9,1895.61
East,129,Electronics,Charger,34,68,1215.84,912.83
East,124,Home,Towel,8,152,11345.28,13584.54
South,107,Home,Mug,14,129,10098.12,7984.74
North,140,Home,Mug,17,72,5016.24,6201.83
West,109,Home,Cushion,39,56,6132.0,7623.85
Central,114,Electronics,Speaker,39,166,13985.5,12830.1
Central,127,Apparel,Jeans,15,138,16078.38,13745.28
East,112,Home,Cushion,44,147,7000.14,6339.24
Central,106,Electronics,Charger,4,79,1354.85,1446.53
Central,118,Apparel,Jacket,21,31,2553.47,2582.58
East,116,Electronics,Speaker,2,136,4358.8,3137.67
Central,115,Apparel,Jeans,39,23,730.48,732.28
Central,132,Home,Mug,25,196,9321.76,11274.96
South,138,Home,Towel,5,105,7062.3,7538.19
West,133,Apparel,Socks,11,20,1870.6,1721.55
South,140,Apparel,T-Shirt,34,128,2608.64,3436.71
South,112,Apparel,Socks,19,174,7937.88,10623.62
North,102,Electronics,Speaker,1,35,1781.85,2036.96
West,120,Home,Towel,1,41,255.02,275.78
Central,104,Home,Mug,3,168,16349.76,18792.12
West,108,Electronics,Charger,18,121,10965.02,9429.64
Central,129,Electronics,Speaker,48,91,7120.75,8476.86
South,133,Home,Lamp,6,182,2043.86,2511.71
North,132,Apparel,Jeans,14,35,3594.5,3474.1
South,119,Electronics,Earbuds,34,57,3720.39,2636.42
Central,122,Home,Mug,6,120,11587.2,15481.87
Central,136,Home,Mug,50,4,239.8,242.76
South,120,Apparel,T-Shirt,16,123,8889.21,10320.99
North,119,Home,Lamp,18,152,16212.32,21737.82
South,137,Apparel,Jeans,32,188,2099.96,1907.18
South,127,Electronics,Earbuds,37,74,932.4,1052.78
South,128,Electronics,Charger,37,108,11607.84,13136.45
West,129,Electronics,Earbuds,8,180,15287.4,12613.0
Central,138,Electronics,Webcam,25,89,1777.33,1307.69
West,124,Electronics,Charger,18,74,8508.52,7251.93
North,123,Apparel,Socks,35,95,7435.65,8657.46
North,123,Home,Mug,41,133,2380.7,1998.89
South,122,Electronics,Speaker,3,132,2626.8,3466.42
North,129,Home,Towel,32,177,6164.91,6510.8
North,126,Apparel,Jeans,39,86,2666.86,2291.37
Central,109,Home,Towel,19,125,5867.5,5033.5
South,127,Home,Lamp,11,188,17444.52,14601.43
North,118,Electronics,Earbuds,7,94,9865.3,10713.44
West,127,Home,Lamp,30,2,189.06,229.04
South,115,Electronics,Earbuds,22,34,3324.18,3988.49
Central,109,Electronics,Webcam,24,81,2853.63,2466.66
North,119,Apparel,Jeans,3,81,8133.21,9756.48
Central,132,Apparel,Socks,52,40,1699.2,1980.81
North,110,Home,Towel,52,51,2085.39,1597.55
South,136,Apparel,Jacket,9,182,7482.02,10321.26
West,133,Home,Cushion,49,30,405.0,308.34
East,129,Electronics,Webcam,12,131,3421.72,4176.16
West,131,Electronics,Speaker,46,108,6274.8,5287.61
East,121,Home,Cushion,17,173,16652.98,12716.4
East,106,Home,Mug,3,149,11282.28,13048.79
South,120,Apparel,Socks,12,40,268.8,341.93
North,109,Apparel,Socks,39,169,2695.55,3473.39
South,121,Home,Lamp,33,191,22448.23,24451.09
North,124,Home,Cushion,6,42,3260.46,2813.92
South,123,Home,Lamp,47,86,5490.24,6328.31
Central,130,Home,Cushion,5,140,15913.8,21871.81
East,126,Home,Lamp,5,93,2846.73,2988.8
Central,124,Apparel,Jeans,20,130,1475.5,1530.9
West,134,Home,Cushion,36,198,18623.88,21160.8
West,119,Home,Cushion,34,146,1286.26,943.98
East,113,Electronics,Earbuds,9,190,13647.7,17855.2
North,109,Apparel,Jacket,15,49,4132.17,3813.76
East,110,Apparel,T-Shirt,8,68,795.6,1074.15
West,131,Home,Lamp,4,195,10545.6,11675.07
North,101,Home,Mug,43,11,885.83,933.24
South,113,Electronics,Webcam,16,118,1305.08,1488.32
West,122,Electronics,Charger,5,140,12091.8,16684.39
West,132,Electronics,Earbuds,12,36,3503.52,4808.84
North,124,Electronics,Speaker,13,31,3250.66,3068.19
West,104,Home,Lamp,51,110,2977.7,3186.95
West,109,Electronics,Webcam,46,13,707.98,578.58
Central,101,Home,Towel,12,178,1692.78,1278.66
West,126,Apparel,Jacket,16,161,16563.68,12850.51
Central,118,Electronics,Webcam,10,13,780.65,617.02
West,129,Apparel,Jacket,10,3,335.22,246.98
Central,138,Electronics,Speaker,48,58,3609.34,4582.9
West,116,Home,Lamp,4,103,9049.58,9319.91
East,131,Apparel,Socks,36,85,10097.15,13315.37
North,110,Electronics,Webcam,7,54,4708.8,3618.1
North,106,Apparel,Jeans,23,56,2480.8,2976.76
West,123,Home,Cushion,16,38,2306.22,1900.91
Central,109,Home,Lamp,33,190,12999.8,15602.15
East,126,Home,Cushion,36,135,3288.6,4507.26
North,114,Home,Cushion,48,100,9787.0,11081.59
West,114,Apparel,T-Shirt,24,121,2705.56,2822.2
East,109,Apparel,Socks,46,95,6954.95,4974.0
East,119,Electronics,Earbuds,42,137,14095.93,16173.11
Central,127,Apparel,T-Shirt,35,50,2937.5,3759.4
East,125,Home,Towel,2,157,4925.09,5184.88
North,140,Home,Mug,14,182,3208.66,3009.59
Central,136,Apparel,Socks,12,135,3007.8,2765.99
East,127,Home,Towel,18,51,726.24,804.65
South,103,Electronics,Speaker,40,20,529.6,478.75
East,117,Electronics,Earbuds,30,49,1135.33,1534.76
West,117,Electronics,Charger,4,89,7369.2,7226.91
Central,124,Home,Mug,40,70,6075.3,4403.52
Central,116,Home,Lamp,28,5,456.5,480.19
East,107,Apparel,Jacket,36,162,13224.06,15121.58
East,122,Electronics,Webcam,31,196,9472.68,12823.47
South,134,Electronics,Charger,41,53,5428.79,7413.26
North,137,Apparel,Jeans,29,62,1067.64,1485.93
West,130,Home,Lamp,38,140,1281.0,1568.12
South,114,Apparel,Jeans,51,157,14963.67,11390.31
West,110,Apparel,Jacket,16,160,11590.4,15188.02
North,133,Electronics,Webcam,46,10,867.2,968.93
Central,120,Home,Towel,36,81,5715.36,4263.5
Central,106,Electronics,Earbuds,50,128,6492.16,7962.47
Central,123,Home,Cushion,11,186,7082.88,9759.48
South,111,Electronics,Speaker,46,156,4212.0,5639.5
North,103,Apparel,Socks,9,134,11120.66,15308.42
North,109,Apparel,Jeans,42,15,1155.15,1291.19
North,100,Electronics,Charger,32,38,534.28,683.16
East,112,Apparel,T-Shirt,12,155,2638.1,3014.36
North,108,Apparel,Jacket,49,50,4357.5,4701.63
South,101,Home,Towel,49,140,11737.6,14638.44
West,137,Electronics,Webcam,25,102,10128.6,7538.23
Central,121,Electronics,Earbuds,48,199,17139.87,12256.14
Central,131,Electronics,Charger,25,42,513.24,715.91
West,108,Home,Towel,10,180,1213.2,1622.82
South,136,Apparel,Jacket,5,72,6719.04,7484.36
North,103,Home,Lamp,52,197,5671.63,4877.41
Central,138,Home,Mug,13,146,10655.08,9450.12
South,109,Electronics,Webcam,38,27,1456.65,1125.62
Central,129,Home,Mug,36,48,5177.28,3715.44
West,131,Electronics,Webcam,37,129,7577.46,9250.36
South,131,Apparel,T-Shirt,4,51,1418.82,1180.45
West,110,Home,Mug,12,76,5762.32,7856.37
East,134,Home,Cushion,7,120,9117.6,10492.36
North,128,Home,Mug,43,35,2527.35,2507.88
North,119,Electronics,Speaker,12,55,4240.5,4993.91
East,126,Home,Towel,4,150,3561.0,4321.82
West,136,Home,Cushion,28,87,5112.99,6765.68
West,130,Apparel,Socks,27,183,18204.84,23584.71
South,119,Apparel,Socks,47,90,9507.6,12774.64
West,131,Electronics,Earbuds,24,198,3928.32,3861.88
West,128,Apparel,T-Shirt,32,66,3857.7,5320.93
South,119,Home,Mug,5,35,3534.65,3897.3
Central,123,Home,Mug,47,13,1314.56,1535.64
West,103,Apparel,Jeans,31,120,6494.4,7475.53
Central,114,Apparel,Socks,44,131,15619.13,12176.46
South,132,Electronics,Speaker,45,9,320.76,334.48
West,108,Electronics,Webcam,14,95,3709.75,3102.35
East,131,Apparel,Jeans,13,167,11574.77,13012.81
South,138,Electronics,Earbuds,22,98,3946.46,5242.55
Central,116,Apparel,T-Shirt,18,147,12916.89,15564.58
Central,132,Apparel,T-Shirt,34,51,4847.04,3477.56
West,139,Home,Lamp,35,152,17653.28,12452.65
South,125,Home,Cushion,13,157,8983.54,11580.6
West,106,Apparel,Jacket,3,122,4805.58,6200.4
South,110,Apparel,Jacket,38,90,9086.4,10172.98
West,110,Apparel,Jeans,3,138,713.46,578.46
North,131,Apparel,Socks,33,46,318.78,266.28
East,101,Apparel,Jeans,43,61,2418.04,3363.41
South,138,Home,Towel,24,16,1542.24,1821.01
West,114,Home,Cushion,20,179,1881.29,2152.87
North,127,Apparel,Socks,46,97,8508.84,9262.64
South,128,Home,Lamp,39,115,10559.3,7580.18
North,114,Electronics,Charger,42,65,3936.4,3842.18
North,140,Electronics,Speaker,10,3,103.05,114.09
West,118,Electronics,Earbuds,45,95,4125.85,3797.41
West,126,Apparel,Jacket,38,138,2432.94,3287.03
West,122,Apparel,T-Shirt,37,46,1746.16,1253.63
East,124,Electronics,Webcam,28,170,12719.4,16778.5
West,121,Home,Towel,13,136,10900.4,11972.41
Central,110,Apparel,T-Shirt,15,110,9643.7,12920.61
West,123,Electronics,Webcam,19,19,1735.27,2111.01
Central,113,Apparel,Jeans,39,42,4966.92,4285.46
East,136,Apparel,Socks,16,59,1378.24,1210.52
West,102,Electronics,Earbuds,21,196,8200.64,10761.62
North,140,Electronics,Speaker,9,65,3880.5,3731.05
West,104,Apparel,Socks,52,120,13467.6,13201.05
North,107,Apparel,Jacket,30,34,840.14,1137.75
West,115,Home,Lamp,41,130,911.3,1057.44
Central,123,Electronics,Charger,2,124,13320.08,16739.95
South,136,Apparel,Jeans,30,162,17097.48,15461.38
South,102,Home,Cushion,30,147,12774.3,9466.06
West,136,Apparel,Socks,45,30,2291.1,2983.63
Central,104,Electronics,Earbuds,11,121,10949.29,8904.71
East,103,Home,Cushion,20,110,9905.5,11062.13
North,103,Electronics,Webcam,26,64,2068.48,1531.78
East,132,Home,Mug,47,96,8205.12,11272.01
North,102,Apparel,Jeans,27,82,5574.36,6607.05
North,107,Apparel,Socks,39,124,14139.72,16662.46
South,119,Electronics,Speaker,27,69,2902.14,3537.42
Central,139,Apparel,Jeans,18,194,12501.36,17316.86
Central,139,Electronics,Speaker,23,48,5713.92,5918.02
Central,125,Electronics,Speaker,44,133,11376.82,13066.1
Central,132,Home,Mug,11,181,5020.94,5777.07
North,108,Home,Towel,2,117,6540.3,8384.45
East,133,Home,Cushion,6,101,10386.84,13872.63
South,111,Home,Towel,48,49,3220.28,4372.46
North,105,Home,Towel,20,87,5031.21,5028.39
West,119,Home,Lamp,19,170,4901.1,5123.78
East,120,Apparel,Jacket,21,26,1507.22,2094.14
East,100,Home,Cushion,7,137,14419.25,10693.84
East,114,Home,Mug,4,180,7023.6,7085.15
South,116,Electronics,Webcam,16,97,4054.6,3014.72
West,120,Apparel,Jeans,14,91,8676.85,11725.8
West,130,Apparel,Socks,24,154,9249.24,6640.83
Central,115,Apparel,Socks,43,51,5650.8,6383.76
North,119,Home,Cushion,15,148,12695.44,17605.35
Central,116,Home,Towel,38,79,5153.17,5374.45
North,130,Electronics,Webcam,9,147,5943.21,7499.86
South,110,Apparel,Jacket,38,171,1214.1,1009.19
Central,133,Electronics,Charger,22,107,1411.33,1784.28
South,123,Electronics,Webcam,25,39,3016.65,3558.01
East,115,Electronics,Webcam,22,192,18518.4,20700.45
Central,127,Home,Cushion,49,200,17038.0,13665.32
East,102,Apparel,Jacket,41,168,7810.32,6467.81
East,135,Electronics,Charger,6,183,18973.44,23367.14
North,106,Home,Mug,12,151,10761.77,12032.57
South,122,Home,Towel,24,56,5884.48,4231.34
West,117,Apparel,Jacket,13,130,15596.1,21423.01
East,108,Home,Mug,3,188,7583.92,8671.62
North,121,Apparel,T-Shirt,20,121,12565.85,8842.7
North,119,Home,Towel,40,179,12345.63,13971.3
East,116,Home,Lamp,6,170,17061.2,22874.29
West,131,Electronics,Charger,25,187,15923.05,16000.72
West,138,Home,Towel,9,76,3539.32,2851.56
Central,134,Home,Towel,14,8,930.08,1169.38
South,123,Apparel,Socks,52,8,377.92,318.9
East,136,Home,Lamp,4,62,5630.84,3964.61
North,133,Home,Mug,22,198,16907.22,15846.47
Central,109,Home,Towel,44,51,2798.37,2734.24
Central,114,Apparel,Jacket,39,197,21315.4,16582.36
South,126,Electronics,Charger,24,7,771.68,637.11
North,104,Electronics,Speaker,30,73,2944.82,3416.59
South,139,Electronics,Speaker,9,120,5704.8,7221.11
Central,132,Apparel,Jacket,24,106,11856.1,9416.33
Central,127,Home,Cushion,7,15,1079.85,797.61
East,133,Apparel,Jacket,21,40,3286.0,3954.37
North,109,Apparel,T-Shirt,18,170,16263.9,13402.71
North,122,Electronics,Webcam,15,82,4815.86,5817.09
Central,112,Home,Mug,23,87,7272.33,5807.02
Central,105,Home,Towel,6,23,2200.87,2564.98
South,121,Home,Mug,38,74,4569.5,5689.76
South,135,Electronics,Earbuds,49,181,19470.17,17711.55
East,136,Apparel,Jacket,12,75,1718.25,1303.01
North,116,Apparel,Jeans,30,90,4272.3,3190.53
West,123,Apparel,Jacket,19,45,2313.45,2819.15
South,114,Home,Lamp,50,120,6579.6,4917.73
Central,128,Home,Mug,45,97,1397.77,1758.98
North,100,Home,Cushion,12,126,7820.82,8518.35
Central,116,Apparel,Socks,2,100,5675.0,7053.57
West,132,Electronics,Webcam,7,150,3964.5,3166.46
North,103,Apparel,T-Shirt,45,76,6932.72,8736.45
North,120,Apparel,Socks,41,57,6475.77,7053.47
North,120,Electronics,Speaker,11,110,7547.1,8810.04
East,104,Home,Mug,7,18,1243.8,1139.92
West,137,Electronics,Webcam,25,60,5425.2,5343.5
Central,118,Apparel,T-Shirt,18,145,9793.3,8787.24
East,116,Apparel,Jeans,27,15,774.0,683.88
West,123,Electronics,Webcam,36,187,10167.19,7771.58
North,102,Home,Lamp,34,0,0.0,0.0
East,126,Apparel,Socks,6,104,11719.76,8470.77
Central,128,Electronics,Webcam,2,156,16587.48,14623.28
South,113,Home,Towel,26,172,7015.88,6968.52
West,113,Electronics,Charger,33,79,1181.05,1638.24
East,111,Home,Mug,5,75,7941.0,7381.78
North,123,Home,Mug,37,180,6701.4,5635.63
West,130,Apparel,T-Shirt,52,110,9023.3,8228.65
West,137,Apparel,Jacket,13,19,1744.58,1947.68
Central,133,Apparel,Socks,31,86,10022.44,10171.12
North,129,Apparel,T-Shirt,10,90,4613.4,6370.78
West,110,Electronics,Earbuds,25,154,1022.56,752.58
East,102,Electronics,Webcam,23,56,2816.24,3420.31
South,100,Apparel,Jacket,9,179,8457.75,6556.23
West,134,Home,Lamp,20,179,21098.73,19958.85
East,121,Electronics,Charger,47,80,3256.0,3477.29
South,100,Electronics,Earbuds,50,131,2483.76,1982.33
South,102,Home,Lamp,15,81,2341.71,2449.33
East,139,Apparel,T-Shirt,15,191,6560.85,8874.36
East,108,Apparel,T-Shirt,13,116,11444.56,15431.21
Central,136,Apparel,Jacket,8,54,985.5,892.06
West,126,Home,Towel,43,180,3817.8,2703.92
South,109,Apparel,Jeans,45,84,4092.48,5119.88
West,129,Apparel,Jacket,46,185,2752.8,2006.75
Central,128,Apparel,Socks,46,167,16628.19,19373.26
South,105,Apparel,Jacket,6,102,5458.02,7205.63
East,105,Electronics,Earbuds,29,20,407.0,438.22
West,130,Home,Cushion,26,162,11045.16,13700.74
West,135,Apparel,Socks,11,122,1180.96,996.76
North,138,Apparel,Socks,47,159,9646.53,13429.48
South,122,Electronics,Charger,5,37,3278.94,2915.42
Central,107,Home,Mug,13,9,684.72,868.77
Central,107,Electronics,Earbuds,13,102,10569.24,14457.31
North,103,Electronics,Charger,25,104,1019.2,1258.73
North,116,Home,Mug,24,115,13479.15,11802.59
North,124,Home,Lamp,48,171,11392.02,14773.18
North,123,Apparel,T-Shirt,18,177,13666.17,14596.8
Central,124,Home,Mug,3,155,15362.05,11517.71
South,101,Electronics,Webcam,1,58,2383.8,1912.21
Central,134,Apparel,T-Shirt,26,58,5309.9,6267.61
West,112,Home,Towel,29,3,274.05,247.12
East,118,Apparel,Socks,26,101,1875.57,1399.43
North,122,Apparel,Jacket,13,97,7118.83,6049.89
East,129,Home,Mug,36,96,1352.64,1329.39
East,108,Electronics,Charger,32,169,17729.79,20369.24
East,111,Electronics,Charger,6,71,3705.49,2622.8
Central,128,Apparel,Jacket,6,89,5160.22,5962.36
Central,121,Electronics,Speaker,45,56,2751.84,2929.77
North,119,Home,Mug,12,127,4204.97,3680.67
South,104,Electronics,Speaker,27,133,14349.37,19696.22
South,110,Apparel,Socks,4,16,1917.6,1772.89
North,138,Apparel,Socks,44,133,9416.4,7617.76
Central,114,Apparel,Socks,15,88,10498.4,11859.07
South,112,Home,Mug,8,42,3266.76,3214.51
North,114,Home,Towel,48,189,17777.34,12649.16
North,118,Home,Lamp,15,0,0.0,0.0
Central,105,Electronics,Earbuds,41,66,1632.84,1932.41
South,136,Apparel,T-Shirt,29,129,11603.55,11358.0
Central,102,Home,Cushion,45,92,6785.0,8125.66
Central,112,Apparel,Jeans,7,88,4678.96,3929.09
West,122,Home,Lamp,30,83,7826.07,6810.52
South,118,Home,Cushion,41,34,1939.02,1940.1
Central,125,Electronics,Webcam,6,43,3060.31,4002.03
North,105,Apparel,Socks,42,112,5318.88,4307.44
Central,134,Home,Towel,42,39,1632.15,1407.97
South,121,Apparel,T-Shirt,3,95,489.25,381.94
East,129,Electronics,Earbuds,50,127,7727.95,5879.73
East,139,Apparel,Jacket,16,124,5546.52,5580.75
East,118,Home,Mug,30,39,4649.19,4632.25
South,124,Electronics,Speaker,7,175,13273.75,14352.96
North,106,Electronics,Earbuds,22,46,4450.04,4758.64
West,134,Apparel,Socks,13,30,1694.4,2288.08
East,108,Home,Towel,9,199,22017.36,26082.56
Central,112,Home,Towel,43,48,1767.36,2332.78
West,124,Home,Mug,40,153,5162.22,3977.05
East,138,Electronics,Speaker,7,72,3685.68,4839.14
East,113,Apparel,Socks,32,4,155.76,173.08
West,131,Apparel,T-Shirt,19,200,18388.0,16150.48
West,130,Apparel,Socks,29,155,6317.8,8543.43
South,131,Apparel,Socks,51,7,96.11,126.03
West,116,Apparel,Jacket,12,63,830.34,1023.53
Central,112,Electronics,Earbuds,44,199,18449.29,18103.43
Central,101,Home,Cushion,5,91,8582.21,8776.69
South,116,Electronics,Earbuds,20,55,2302.3,1707.53
West,103,Apparel,T-Shirt,10,91,3471.65,2499.65
Central,138,Home,Towel,20,92,3822.6,3387.16
Central,129,Electronics,Charger,40,31,1351.29,1630.77
Central,133,Electronics,Webcam,45,124,6145.44,7832.22
South,104,Apparel,Jeans,38,128,6659.84,4695.36
South,115,Apparel,Socks,8,114,7664.22,6968.3
North,129,Home,Cushion,23,4,443.4,572.76
South,121,Electronics,Webcam,24,37,1628.0,1521.35
East,130,Electronics,Speaker,3,68,1047.2,1115.47
North,115,Home,Lamp,50,56,508.48,632.04
West,134,Home,Cushion,39,18,1230.84,1449.47
West,116,Electronics,Charger,10,151,5528.11,3916.5
West,126,Home,Mug,20,93,6475.59,8752.5
East,117,Electronics,Speaker,50,106,10516.26,14706.46
East,137,Apparel,Jeans,2,66,3249.84,4379.65
East,131,Home,Mug,51,76,6732.08,5150.44
North,103,Electronics,Webcam,45,72,1476.72,1371.26
Central,116,Home,Towel,18,27,1409.94,1351.74
North,128,Apparel,Jeans,27,114,4223.7,3699.54
Central,107,Home,Cushion,46,137,7461.02,8956.78
West,124,Electronics,Charger,49,103,802.37,758.95
Central,100,Apparel,Jeans,11,156,17351.88,16310.78
South,130,Apparel,Jacket,24,194,10761.18,12306.0
Central,102,Electronics,Earbuds,40,111,5999.55,6283.83
North,134,Home,Cushion,2,178,5275.92,6649.94
West,129,Electronics,Earbuds,51,178,9665.4,9939.22
Central,117,Home,Lamp,3,40,4473.6,5651.02
Central,134,Electronics,Speaker,17,109,2069.91,2750.69
South,133,Home,Lamp,2,183,11646.12,15222.6
Central,136,Apparel,Jacket,21,102,11329.14,11853.96
North,122,Electronics,Speaker,20,109,10022.55,11814.88
Central,106,Electronics,Webcam,2,132,13647.48,9951.05
East,111,Apparel,Socks,32,26,416.52,416.49
East,122,Apparel,Jacket,8,5,486.7,351.1
Central,130,Apparel,Socks,26,72,8190.72,7496.38
East,133,Electronics,Earbuds,26,141,16749.39,16438.46
Central,111,Home,Towel,23,141,14421.48,19423.03
South,138,Apparel,T-Shirt,48,193,9831.42,12386.38
Central,110,Apparel,T-Shirt,25,121,9358.14,7145.41
East,125,Apparel,Socks,28,164,11050.32,12798.0
North,108,Apparel,Socks,42,87,10408.68,9197.23
South,116,Home,Mug,34,195,21011.25,17614.06
East,118,Home,Lamp,4,69,3806.04,2872.24
East,124,Apparel,Socks,14,174,12291.36,12081.31
North,133,Home,Cushion,22,162,4408.02,5759.34
West,102,Electronics,Webcam,46,198,1352.34,1317.17
Central,128,Electronics,Earbuds,1,129,8003.16,9265.02
East,138,Electronics,Webcam,6,178,10348.92,8179.35
North,110,Home,Towel,13,113,3308.64,2932.71
South,140,Apparel,Jeans,29,17,1265.99,1483.43
West,123,Apparel,Jacket,16,21,1637.79,2002.35
East,138,Apparel,T-Shirt,20,102,10080.66,13638.42
West,125,Apparel,T-Shirt,35,98,11569.88,8879.3
North,115,Home,Mug,11,33,1751.64,2448.44
North,109,Home,Mug,38,189,4158.0,4438.33
North,102,Apparel,Jacket,8,8,269.2,260.88
East,127,Home,Cushion,21,34,2608.48,2674.77
West,135,Apparel,Socks,33,113,11009.59,7776.87
Central,114,Electronics,Charger,22,86,3933.64,5420.37
Central,138,Home,Lamp,10,164,3721.16,5139.09
East,105,Electronics,Speaker,40,154,14215.74,16016.49
Central,123,Home,Cushion,9,2,238.56,289.47
Central,114,Apparel,Socks,14,18,442.62,479.72
East,137,Apparel,Jacket,50,130,1303.9,1452.25
South,110,Apparel,Jacket,21,198,6605.28,5990.95
East,128,Apparel,Socks,38,144,9930.24,9380.89
North,136,Home,Cushion,42,80,5240.0,4906.84
Central,139,Electronics,Webcam,46,157,1577.85,1705.01
East,127,Electronics,Webcam,49,188,2034.16,2830.16
North,107,Apparel,T-Shirt,31,101,11289.78,15387.03
North,103,Electronics,Webcam,42,169,3136.64,3128.0
West,119,Apparel,Jacket,43,13,1273.61,1254.5
South,138,Home,Cushion,50,15,580.65,641.91
East,115,Home,Lamp,49,47,2828.93,3820.09
East,113,Home,Lamp,19,22,2273.26,2607.05
North,100,Home,Towel,15,98,9166.92,7233.96
East,136,Electronics,Earbuds,11,142,13343.74,18284.43
Central,132,Apparel,Jacket,34,171,5489.1,6905.99
East,116,Home,Mug,13,197,17436.47,14808.87
West,100,Apparel,Socks,17,6,551.22,578.64
South,128,Electronics,Charger,2,57,4808.52,4116.15
West,137,Apparel,Jacket,34,87,8931.42,8024.26
East,139,Home,Cushion,3,168,6244.56,5976.65
South,104,Electronics,Charger,16,192,18130.56,22155.18
North,128,Apparel,Jacket,44,81,8379.45,6911.66
South,110,Home,Mug,25,120,13249.2,15927.23
Central,124,Apparel,Jeans,48,58,2570.56,2281.4
Central,140,Apparel,Jeans,40,105,4478.25,5534.58
East,107,Electronics,Charger,8,151,15145.3,15726.95
East,115,Electronics,Webcam,46,168,4944.24,6383.63
East,112,Home,Cushion,41,150,10305.0,13738.72
West,104,Electronics,Speaker,24,116,6832.4,5310.99
West,102,Apparel,Jeans,50,65,4882.15,3900.72
North,111,Apparel,T-Shirt,5,174,6820.8,6881.81
East,132,Apparel,Socks,49,95,6444.8,7914.35
Central,120,Electronics,Earbuds,13,147,16519.86,13152.14
East,139,Apparel,Jeans,1,56,4151.84,3238.96
South,108,Home,Towel,8,70,7497.7,6975.91
West,137,Electronics,Webcam,31,123,7131.54,5832.38
South,126,Apparel,T-Shirt,35,80,2880.8,2393.97
North,101,Apparel,Socks,28,105,2634.45,2170.22
Central,123,Home,Lamp,34,183,11975.52,12498.65
South,123,Electronics,Speaker,12,112,8778.56,6448.12
Central,138,Electronics,Webcam,28,68,5246.88,4927.78
South,127,Apparel,Jacket,1,82,9495.6,11508.6
East,107,Apparel,Jeans,50,197,20285.09,23120.31
East,123,Apparel,T-Shirt,5,112,864.64,934.09
Central,101,Apparel,Socks,44,102,9773.64,10145.92
North,114,Apparel,Jacket,27,129,3986.1,2958.79
Central,115,Apparel,Jacket,13,161,4786.53,5129.94
East,131,Home,Cushion,33,0,0.0,0.0
West,128,Electronics,Webcam,49,111,3509.82,3658.67
West,135,Home,Lamp,4,192,7818.24,6279.76
South,126,Electronics,Earbuds,5,130,5983.9,7317.79
West,127,Apparel,Jeans,41,150,10453.5,9734.06
North,103,Apparel,Socks,42,4,125.48,104.27
South,124,Electronics,Charger,46,14,638.96,877.51
West,139,Apparel,Jeans,41,0,0.0,0.0
South,108,Electronics,Speaker,48,130,5499.0,6384.97
South,124,Home,Towel,15,82,706.02,815.15
Central,111,Electronics,Webcam,8,139,3513.92,3626.71
South,108,Home,Lamp,48,36,4159.44,3036.27
North,108,Apparel,Jacket,7,179,19965.66,16055.7
North,123,Electronics,Earbuds,27,14,1571.92,1158.74
West,124,Apparel,Jacket,23,116,1487.12,1914.85
Central,126,Electronics,Charger,41,142,1943.98,1729.32
East,119,Home,Lamp,34,23,739.68,820.65
West,115,Home,Mug,21,139,3540.33,4208.77
Central,126,Electronics,Earbuds,27,107,4729.4,4865.48
South,107,Apparel,Jacket,12,124,2926.4,2555.81
Central,112,Apparel,Jacket,25,93,4294.74,3790.74
East,140,Electronics,Speaker,33,67,350.41,353.13
East,119,Electronics,Webcam,1,4,296.64,340.33
West,105,Apparel,T-Shirt,28,183,12343.35,15198.69
Central,133,Electronics,Charger,9,25,1430.5,1446.71
North,138,Apparel,T-Shirt,9,183,13106.46,17194.57
West,123,Home,Mug,34,5,265.35,366.73
South,101,Apparel,T-Shirt,7,117,13316.94,12690.1
Central,116,Home,Lamp,26,17,494.02,682.95
North,106,Apparel,Jacket,26,39,3894.15,4920.48
West,125,Home,Towel,9,73,7060.56,8687.47
North,116,Apparel,Socks,23,42,1327.62,1621.24
West,125,Electronics,Charger,32,1,104.96,126.71
South,130,Apparel,Jacket,41,197,4615.71,6015.53
Central,102,Electronics,Speaker,24,38,2419.08,2459.22
South,133,Home,Cushion,24,190,19674.5,19553.53
South,121,Home,Towel,24,85,7200.35,8146.39
Central,100,Apparel,Socks,47,84,6132.84,7565.14
East,132,Electronics,Webcam,51,64,2687.36,3613.34
South,111,Apparel,Jeans,41,140,9860.2,10203.67
North,109,Electronics,Charger,31,177,17337.15,17335.34
North,114,Electronics,Speaker,20,72,2905.2,2838.23
West,136,Electronics,Webcam,32,183,8081.28,6466.5
East,103,Apparel,Jacket,26,100,9001.0,10889.51
West,125,Apparel,T-Shirt,23,84,5467.56,7072.67
South,130,Apparel,Jacket,49,141,12210.6,16430.16
Central,129,Home,Mug,47,63,2966.04,3923.58
South,140,Electronics,Earbuds,15,145,14875.55,11254.92
Central,139,Home,Towel,45,135,9065.25,9914.74
East,132,Home,Lamp,29,188,12770.84,14920.29
Central,120,Electronics,Charger,33,155,18111.75,13551.34
South,136,Home,Towel,33,19,1939.33,2540.29
East,124,Home,Towel,20,11,1251.69,1169.98
Central,126,Electronics,Charger,21,169,13401.7,14866.11
North,101,Home,Lamp,42,0,0.0,0.0
North,120,Apparel,Socks,34,12,987.84,872.3
East,129,Home,Cushion,6,142,4924.56,5845.14
East,109,Electronics,Charger,39,44,3033.8,2703.59
North,123,Home,Mug,10,128,5268.48,6040.05
East,123,Home,Lamp,18,198,15891.48,14576.98
Central,134,Home,Towel,21,89,8787.86,10107.65
North,111,Home,Lamp,12,60,4945.2,4736.94
South,108,Apparel,Jacket,51,44,4344.56,4099.91
East,131,Electronics,Charger,10,100,5618.0,6679.36
Central,124,Home,Mug,35,59,2277.99,2530.81
East,113,Apparel,T-Shirt,30,125,7291.25,8090.78
East,113,Home,Mug,30,124,13194.84,10337.42
East,138,Electronics,Speaker,8,67,5648.77,4451.09
North,108,Electronics,Webcam,13,76,4805.48,6358.62
East,105,Home,Towel,19,29,1313.99,1661.62
West,126,Home,Towel,24,93,9672.0,12129.04
North,139,Home,Mug,22,105,5264.7,3952.74
Central,120,Electronics,Earbuds,49,184,12309.6,9714.62
North,139,Apparel,Jeans,45,144,12803.04,9204.5
North,115,Electronics,Speaker,27,106,9182.78,7853.82
East,131,Home,Lamp,14,100,895.0,715.56
Central,124,Apparel,Jacket,31,27,761.94,1054.52
East,126,Electronics,Earbuds,39,91,4890.34,5144.46
Central,104,Home,Mug,46,0,0.0,0.0
Central,130,Apparel,Jeans,24,22,1372.36,1067.83
South,100,Electronics,Earbuds,4,150,11953.5,14756.3
Central,132,Electronics,Speaker,1,129,7231.74,5151.12
East,137,Apparel,T-Shirt,49,83,828.34,1046.9
Central,124,Apparel,Socks,18,183,20119.02,14301.42
Central,139,Apparel,Socks,9,114,6691.8,5006.02
East,103,Apparel,Socks,16,141,11075.55,12984.62
Central,102,Home,Mug,16,136,3100.8,3667.25
West,111,Apparel,Jacket,4,40,2442.0,2214.21
South,117,Home,Towel,21,88,8646.88,10877.4
East,133,Apparel,Jacket,30,166,11238.2,15184.07
West,100,Home,Cushion,20,110,1874.4,2129.87
East,116,Electronics,Speaker,13,57,2875.65,2310.85
Central,109,Electronics,Charger,43,86,6497.3,7286.98
Central,105,Apparel,Jacket,41,170,16027.6,13974.01
Central,140,Apparel,Socks,7,141,9235.5,7062.94
South,124,Electronics,Speaker,32,110,3628.9,4345.32
West,122,Apparel,Jacket,29,14,359.38,364.4
East,114,Electronics,Charger,9,15,1479.0,1354.32
South,116,Home,Cushion,12,116,1699.4,2175.25
South,107,Electronics,Earbuds,43,86,3960.3,3268.77
North,101,Apparel,Socks,34,99,10882.08,13766.76
West,128,Apparel,Jacket,39,95,5332.35,4883.34
East,108,Apparel,Socks,42,169,10532.08,10761.61
North,118,Home,Mug,48,79,8277.62,5987.29
West,107,Apparel,Jeans,8,175,14276.5,13318.85
West,113,Home,Cushion,41,64,6224.0,6173.94
West,134,Home,Towel,28,81,8165.61,8403.61
South,135,Electronics,Earbuds,44,82,419.84,586.34
East,113,Electronics,Webcam,28,79,8657.61,10749.06
Central,111,Electronics,Earbuds,13,166,4325.96,5941.38
North,133,Apparel,Jeans,1,128,5468.16,6269.12
South,130,Apparel,Jeans,20,145,12709.25,15478.22
South,122,Home,Mug,3,73,5021.67,5026.42
East,114,Apparel,T-Shirt,43,90,5742.9,6301.72
Central,136,Home,Mug,35,143,11993.41,11278.96
South,140,Home,Mug,46,136,4252.72,4729.49
Central,111,Home,Mug,2,16,1131.84,983.7
East,102,Apparel,Jacket,33,30,831.6,920.17
South,138,Home,Towel,41,113,12921.55,12081.5
Central,132,Home,Mug,37,105,966.0,884.32
North,123,Home,Mug,7,170,16960.9,13192.21
Central,115,Electronics,Earbuds,34,78,3903.9,3459.9
East,117,Home,Towel,28,117,7532.46,5481.72
South,133,Electronics,Earbuds,48,139,13085.46,17612.29
East,124,Electronics,Earbuds,33,154,12161.38,14791.78
Central,123,Home,Mug,20,3,334.86,322.86
North,121,Apparel,T-Shirt,14,70,3513.3,4683.63
West,117,Apparel,Socks,15,100,2183.0,2765.47
North,110,Apparel,Socks,46,136,12661.6,9049.37
South,122,Apparel,Jeans,36,126,14796.18,19127.37
North,111,Apparel,T-Shirt,1,160,11195.2,13999.13
South,140,Electronics,Charger,28,164,12285.24,16469.14
West,127,Apparel,T-Shirt,7,120,12268.8,10683.47
West,119,Home,Mug,21,189,5552.82,5558.57
West,136,Home,Lamp,34,103,3649.29,3977.76
West,100,Home,Mug,32,168,17125.92,22714.07
West,114,Electronics,Charger,20,163,3867.99,3559.27
Central,138,Apparel,Jacket,42,115,3467.25,2744.57
Central,109,Apparel,Jeans,12,0,0.0,0.0
South,112,Electronics,Charger,40,40,2574.8,2553.37
South,120,Apparel,Jeans,18,46,4315.26,5940.55
North,125,Home,Towel,46,48,848.64,942.67
North,115,Home,Lamp,2,78,3176.94,2339.66
East,108,Electronics,Earbuds,4,168,2565.36,3495.09
North,108,Home,Cushion,6,28,1750.0,1840.55
North,111,Home,Towel,16,35,1921.85,2449.94
North,115,Electronics,Speaker,25,197,18366.31,20005.48
Central,123,Apparel,Jeans,25,6,534.42,652.14
East,131,Apparel,T-Shirt,22,147,15357.09,11644.84
West,108,Apparel,Jeans,28,76,4183.04,5653.54
East,108,Electronics,Webcam,1,140,3616.2,2982.3
West,123,Home,Lamp,14,5,574.45,472.21
Central,124,Home,Lamp,38,132,3887.4,3580.52
Central,109,Electronics,Speaker,32,142,1113.28,1370.58
North,136,Apparel,Jeans,29,65,990.6,710.79
South,110,Electronics,Webcam,32,29,562.89,748.62
West,132,Electronics,Earbuds,14,92,6005.76,5530.41
North,129,Apparel,Jeans,4,17,288.83,270.47
West,135,Apparel,Jeans,29,155,3661.1,3882.43
West,126,Home,Lamp,46,42,1350.72,1876.28
Central,130,Home,Cushion,17,87,2419.47,1809.4
West,140,Electronics,Earbuds,40,35,712.25,595.14
South,102,Home,Cushion,40,87,2081.91,2071.03
Central,140,Electronics,Webcam,5,78,5098.08,6029.76
East,124,Electronics,Webcam,7,198,17422.02,20641.97
Central,129,Electronics,Charger,28,121,6331.93,7132.73
East,135,Home,Cushion,7,99,8456.58,9397.13
North,117,Apparel,Socks,34,12,1013.04,1127.52
West,119,Electronics,Speaker,40,124,12981.56,12019.97
East,100,Electronics,Earbuds,23,62,6108.24,7277.85
North,113,Home,Mug,34,68,5246.2,3802.45
Central,135,Apparel,Jacket,10,181,12494.43,9536.42
East,138,Home,Towel,10,130,6826.3,9163.07
North,116,Home,Lamp,30,3,198.33,196.14
East,137,Home,Mug,44,160,17030.4,23053.96
Central,121,Home,Lamp,33,107,7030.97,5467.74
North,139,Home,Cushion,42,187,7242.51,6477.26
North,100,Electronics,Earbuds,38,37,2699.15,3388.58
South,109,Home,Lamp,14,167,10627.88,8368.23
East,114,Electronics,Earbuds,17,165,18481.65,22311.2
North,115,Electronics,Speaker,47,153,16049.7,20642.33
North,131,Home,Towel,13,195,5721.3,6464.72
West,127,Electronics,Earbuds,32,178,5149.54,5109.55
South,124,Electronics,Charger,46,13,218.53,185.06
West,117,Home,Towel,2,188,16158.6,20553.44
South,112,Apparel,Jacket,12,187,12777.71,9173.97
Central,136,Home,Towel,8,146,6991.94,7270.01
South,126,Home,Towel,25,91,9836.19,8900.13
Central,109,Electronics,Webcam,38,170,15454.7,19766.75
East,109,Apparel,T-Shirt,22,77,5348.42,7168.28
Central,107,Home,Towel,15,73,8046.79,10083.63
West,129,Electronics,Webcam,15,96,7504.32,9710.58
North,103,Electronics,Webcam,40,118,7049.32,5099.17
Central,100,Apparel,T-Shirt,26,78,5810.22,4428.41
West,112,Home,Lamp,15,57,526.11,528.0
North,102,Apparel,Socks,49,22,600.16,685.37
South,110,Home,Cushion,9,70,2570.4,2605.05
North,140,Home,Lamp,50,7,712.67,884.78
Central,121,Electronics,Charger,10,185,13207.15,13317.07
Central,114,Electronics,Webcam,47,182,3132.22,4336.4
North,127,Electronics,Charger,1,124,12200.36,15167.77
South,111,Home,Mug,41,14,894.6,651.9
East,124,Home,Towel,28,79,3528.14,4566.49
North,109,Home,Cushion,17,3,303.54,322.35
North,113,Home,Cushion,27,35,3453.45,3160.55
West,120,Apparel,T-Shirt,42,161,16494.45,23031.6
North,129,Apparel,Jacket,41,165,6337.65,4962.97
North,126,Home,Towel,16,146,8920.6,10412.01
West,133,Electronics,Earbuds,50,39,4285.32,4193.83
North,122,Home,Cushion,18,124,10760.72,9308.39
West,132,Electronics,Webcam,34,24,2236.8,2373.54
East,115,Home,Lamp,27,167,19478.88,25761.02
West,139,Electronics,Earbuds,50,94,11129.6,13785.75
South,137,Apparel,Jacket,18,103,12081.9,15487.16
East,138,Apparel,T-Shirt,39,154,14845.6,18575.95
Central,135,Home,Mug,2,17,1892.44,2206.9
North,126,Apparel,Socks,27,49,1928.15,2486.77
South,136,Home,Cushion,14,6,122.28,133.59
East,132,Home,Towel,3,186,20335.38,24392.31
Central,109,Home,Cushion,37,180,14704.2,12302.42
North,122,Home,Cushion,14,189,19327.14,20978.94
North,112,Electronics,Speaker,16,87,6418.86,7405.74
North,104,Apparel,Jeans,17,135,13598.55,9873.08
South,137,Electronics,Earbuds,11,194,8887.14,8407.54
West,120,Home,Cushion,3,18,450.54,373.22
Central,102,Apparel,Jeans,21,111,12086.79,15011.55
West,103,Electronics,Earbuds,16,111,10791.42,9676.8
North,131,Electronics,Webcam,45,21,1633.38,1731.72
North,100,Electronics,Earbuds,14,194,15805.18,17075.04
South,126,Home,Mug,49,57,5979.87,6229.06
North,115,Electronics,Earbuds,47,6,524.16,641.69
East,137,Home,Towel,14,99,8516.97,10851.66
North,140,Electronics,Earbuds,44,2,145.18,118.74
South,123,Apparel,Jacket,22,111,8694.63,12046.69
East,120,Apparel,Socks,9,55,2625.7,2421.37
West,123,Apparel,Socks,1,155,2940.35,3844.09
Central,116,Home,Cushion,50,44,248.16,208.63
East,107,Apparel,Socks,12,68,2200.48,2809.25
Central,122,Electronics,Speaker,37,122,7627.44,6735.74
South,100,Electronics,Earbuds,46,149,17151.39,13980.06
Central,119,Home,Mug,50,193,8268.12,10140.33
North,132,Home,Cushion,42,146,1636.66,1688.63
West,134,Apparel,T-Shirt,23,15,867.15,1178.42
South,111,Apparel,Jacket,9,199,10367.9,9609.69
North,122,Home,Towel,32,47,442.74,398.97
Central,139,Home,Cushion,49,119,1056.72,864.8
Central,118,Home,Cushion,51,45,1779.3,1531.47
West,131,Home,Towel,1,116,6767.44,8976.81
East,136,Apparel,Jacket,17,72,4947.84,6586.83
East,127,Electronics,Speaker,12,51,2882.52,4001.89
East,119,Apparel,T-Shirt,31,55,2087.8,2606.74
Central,108,Electronics,Webcam,38,57,808.26,583.66
East,101,Home,Lamp,40,64,4039.68,5558.64
East,111,Electronics,Charger,50,137,12697.16,14001.46
Central,119,Apparel,T-Shirt,14,108,11979.36,13706.62
West,127,Apparel,T-Shirt,14,26,1700.92,2323.83
West,119,Home,Towel,15,112,6716.64,9089.08
North,104,Apparel,Socks,40,1,6.33,6.7
Central,100,Home,Towel,34,77,4707.01,3909.0
West,130,Apparel,Jeans,50,42,3604.44,4699.7
West,114,Home,Cushion,10,83,3700.14,4894.84
West,130,Apparel,T-Shirt,10,6,71.4,64.5
East,138,Electronics,Webcam,25,73,8478.22,9399.95
West,105,Electronics,Charger,45,200,19164.0,14953.69
South,108,Electronics,Speaker,33,170,10499.2,12703.79
North,101,Apparel,Socks,12,21,1776.6,2223.56
Central,140,Electronics,Earbuds,34,169,20222.54,14567.72
West,110,Home,Cushion,5,126,9095.94,8033.87
South,137,Home,Towel,18,59,3128.77,4211.63
East,104,Electronics,Webcam,25,189,3415.23,3600.43
East,134,Electronics,Webcam,47,67,4454.16,5996.74
East,126,Electronics,Charger,26,11,1015.41,1276.74
East,106,Home,Mug,49,136,9945.68,9291.5
North,108,Electronics,Webcam,48,8,424.8,523.76
East,122,Electronics,Charger,21,81,2098.71,2648.92
East,134,Electronics,Earbuds,41,49,5509.07,6921.76
South,101,Home,Cushion,18,89,4502.51,3580.71
East,101,Home,Lamp,45,163,14011.48,15269.51
West,125,Home,Cushion,29,93,7785.03,10898.86
West,122,Electronics,Webcam,17,142,1953.92,1693.76
West,136,Home,Lamp,14,163,16321.19,20484.81
West,116,Electronics,Speaker,7,48,3912.48,4573.57
East,107,Apparel,T-Shirt,9,197,2056.68,2685.05
North,134,Home,Lamp,21,49,2420.11,2080.64
Central,127,Apparel,Jeans,24,173,3864.82,4888.57
North,102,Electronics,Webcam,15,76,3140.32,3128.02
West,140,Apparel,Jacket,44,116,4114.52,3124.33
South,114,Electronics,Earbuds,41,141,1718.79,1846.03
Central,132,Home,Cushion,11,63,3580.92,3385.07
South,123,Home,Mug,7,11,1033.01,994.63
South,124,Home,Lamp,25,23,1037.53,1217.62
Central,116,Electronics,Speaker,7,79,2313.12,2082.08
West,134,Home,Lamp,36,63,6940.71,6548.32
East,123,Electronics,Charger,37,40,4010.8,3348.69
North,133,Electronics,Speaker,31,37,2442.74,2227.47
East,113,Apparel,Socks,3,99,9068.4,8296.54
South,117,Home,Cushion,23,76,5527.48,5087.6
South,103,Electronics,Charger,42,92,8049.08,7889.61
West,113,Home,Mug,10,122,10894.6,10655.08
North,121,Apparel,Socks,42,95,7580.05,7746.64
South,125,Electronics,Earbuds,14,196,1814.96,1382.34
East,132,Electronics,Speaker,23,148,6458.72,8053.65
South,129,Apparel,T-Shirt,39,188,5711.44,4258.21
North,133,Home,Towel,12,165,19770.3,27304.91
West,128,Home,Cushion,38,147,6032.88,5221.51
Central,124,Home,Lamp,46,128,10264.32,12032.73
South,117,Home,Lamp,5,148,6446.88,6812.57
East,137,Home,Mug,11,106,4318.44,3195.95
South,104,Home,Lamp,13,86,6812.92,7136.08
East,106,Home,Cushion,44,33,1054.35,1119.67
East,115,Home,Cushion,4,9,798.57,974.71
Central,102,Electronics,Speaker,47,64,3923.2,4682.05
Central,133,Home,Mug,35,166,19073.4,26373.27
South,102,Apparel,Socks,14,169,18579.86,13851.54
South,108,Home,Towel,35,31,1234.73,1646.74
East,125,Apparel,Jeans,17,157,5876.51,7915.19
South,119,Home,Mug,5,154,3967.04,5235.26
East,129,Electronics,Earbuds,30,78,780.0,846.65
South,102,Home,Cushion,13,131,3962.75,4183.57
North,139,Home,Mug,35,86,4817.72,4726.0
North,135,Home,Mug,20,97,2696.6,3231.75
South,120,Apparel,Jeans,13,45,2740.95,2262.78
Central,132,Home,Towel,7,187,2191.64,2228.32
West,129,Apparel,Jacket,11,85,5746.85,6090.42
North,118,Apparel,Jeans,32,136,11891.84,11321.15
East,116,Electronics,Speaker,47,45,2987.55,4013.95
West,116,Home,Mug,1,19,918.27,1134.0
West,128,Home,Cushion,34,155,16479.6,12096.96
West,108,Home,Mug,35,19,1287.06,1397.4
West,102,Home,Mug,42,44,3978.92,5534.87
Central,140,Electronics,Speaker,36,164,2463.28,3096.18
South,114,Home,Mug,19,129,817.86,1055.16
North,110,Apparel,Socks,5,69,5699.4,5760.47
North,121,Apparel,Socks,48,48,3773.76,3666.22
North,116,Home,Mug,30,58,1450.58,1442.64
North,103,Home,Towel,23,77,1171.17,829.7
West,116,Home,Lamp,40,67,1805.65,1806.11
West,134,Apparel,Jeans,21,6,553.02,570.15
West,137,Apparel,T-Shirt,1,176,10269.6,7478.73
East,103,Electronics,Earbuds,48,66,3000.36,3681.53
East,136,Electronics,Earbuds,6,12,311.64,246.08
Central,113,Apparel,Jeans,11,89,734.25,554.78
West,105,Electronics,Earbuds,38,86,731.0,569.96
West,121,Electronics,Webcam,49,163,15603.99,18368.1
West,125,Electronics,Earbuds,49,100,7271.0,9593.19
East,128,Apparel,Jeans,2,141,1174.53,1268.7
East,111,Home,Towel,7,39,3944.07,5192.46
Central,108,Electronics,Earbuds,27,52,3660.28,3672.67
North,104,Home,Towel,19,159,11490.93,13870.18
South,103,Apparel,Jeans,12,57,5672.07,4775.39
West,115,Apparel,Socks,48,151,6252.91,5414.08
South,112,Home,Mug,44,60,6865.2,8741.07
West,110,Electronics,Earbuds,6,32,1160.32,885.98
Central,134,Apparel,Jeans,24,158,13704.92,12650.99
South,112,Electronics,Webcam,15,190,21789.2,28739.76
North,122,Apparel,Socks,45,172,9936.44,8534.25
South,115,Electronics,Charger,34,130,11791.0,11732.14
South,113,Electronics,Earbuds,44,2,58.74,57.82
East,137,Home,Towel,8,170,10252.7,9025.82
East,134,Home,Cushion,23,21,744.87,651.47
East,137,Apparel,Jeans,16,88,2567.84,2187.31
Central,108,Apparel,Socks,16,166,6737.94,6691.57
Central,132,Electronics,Earbuds,8,29,2564.47,3404.87
West,105,Electronics,Earbuds,5,19,2229.46,1824.85
Central,135,Home,Mug,41,80,9135.2,11709.52
North,114,Home,Mug,37,13,880.23,946.53
East,111,Electronics,Earbuds,26,117,4813.38,3832.43
Central,119,Home,Lamp,18,192,20695.68,27110.86
East,119,Home,Towel,14,197,5811.5,4266.08
East,100,Electronics,Charger,26,118,10990.52,9933.4
West,101,Electronics,Webcam,27,104,845.52,1077.32
South,107,Home,Lamp,44,76,6873.44,7708.93
West,108,Apparel,Socks,15,43,4794.07,3834.82
North,135,Apparel,Jacket,34,156,8425.56,7187.94
Central,124,Home,Mug,28,137,14328.83,12361.4
East,107,Home,Cushion,42,131,12743.68,9812.72
Central,112,Home,Mug,50,42,2086.14,2597.07
North,112,Home,Towel,7,109,12023.79,13533.52
Central,122,Apparel,Jacket,35,94,10407.68,12076.03
West,123,Apparel,Jacket,35,132,11715.0,8450.35
West,105,Apparel,Socks,43,126,9986.76,10964.96
East,110,Apparel,T-Shirt,47,63,431.55,360.83
Central,124,Electronics,Speaker,44,87,4953.78,4553.59
South,127,Home,Cushion,39,27,961.2,1248.89
Central,126,Apparel,Jacket,47,68,6734.04,5588.1
North,114,Electronics,Charger,18,30,2489.7,3454.23
West,131,Apparel,Socks,34,73,8729.34,9444.43
Central,119,Electronics,Webcam,42,45,2511.0,1963.3
West,127,Home,Lamp,23,34,2102.56,1830.7
West,128,Electronics,Charger,7,195,8730.15,6238.28
North,140,Electronics,Speaker,36,99,5581.62,4087.13
Central,100,Home,Lamp,45,180,16860.6,16813.99
North,117,Electronics,Earbuds,4,175,14248.5,19235.67
North,113,Electronics,Speaker,39,99,8149.68,5755.74
North,134,Apparel,Jacket,50,110,12778.7,11770.3
North,129,Electronics,Webcam,17,138,13431.54,11729.07
North,125,Apparel,Jacket,33,172,16422.56,17944.7
West,105,Home,Cushion,46,45,4005.45,3921.8
West,108,Electronics,Webcam,26,59,3103.4,3598.29
Central,127,Home,Lamp,45,154,16832.2,13727.16
East,137,Home,Mug,28,60,990.6,1198.96
Central,123,Electronics,Webcam,1,199,9472.4,9882.7
North,101,Home,Towel,28,195,8843.25,10063.05
Central,120,Home,Towel,11,123,13329.51,10729.7
East,116,Electronics,Webcam,20,70,8393.0,7142.27
East,117,Apparel,Socks,44,27,860.49,1176.22
Central,118,Apparel,Jeans,21,185,9403.55,11792.63
East,106,Electronics,Earbuds,25,195,19035.9,25422.29
South,114,Apparel,Jacket,43,144,15965.28,19744.63
North,121,Apparel,Jeans,21,72,501.12,506.46
North,116,Electronics,Earbuds,31,53,4921.58,6441.93
South,105,Electronics,Earbuds,6,169,14248.39,11547.2
North,111,Home,Lamp,34,130,7629.7,7093.1
East,123,Electronics,Earbuds,9,35,2767.1,2371.75
East,114,Home,Towel,51,182,5552.82,6906.87
East,120,Electronics,Webcam,44,56,3675.28,4429.84
North,135,Electronics,Charger,26,113,5279.36,4165.62
South,122,Apparel,Jacket,5,97,6602.79,7609.5
East,108,Home,Cushion,52,157,14282.29,10576.3
South,109,Apparel,Socks,48,16,1843.68,1444.73
South,127,Electronics,Speaker,45,68,2572.44,2291.22
East,125,Electronics,Earbuds,51,66,1790.58,2339.94
West,125,Electronics,Charger,13,123,5543.61,6872.84
South,116,Home,Towel,20,194,11077.4,14890.04
East,138,Apparel,Jeans,50,29,2033.77,2845.77
East,100,Home,Mug,12,147,6348.93,6174.3
South,104,Electronics,Webcam,9,11,1208.46,1004.7
South,115,Home,Towel,32,96,2333.76,2533.82
Central,112,Apparel,Jeans,28,194,5335.0,7128.89
East,101,Apparel,Jacket,30,178,15728.08,19625.27
East,103,Home,Lamp,52,141,1167.48,1055.32
Central,135,Electronics,Earbuds,2,188,9409.4,7903.71
West,121,Electronics,Earbuds,45,37,2444.96,3306.78
South,118,Apparel,Jeans,12,42,608.16,714.61
East,115,Apparel,Socks,5,154,13185.48,12101.93
East,128,Electronics,Speaker,26,127,5121.91,5738.74
East,102,Apparel,T-Shirt,26,14,534.94,505.82
East,105,Home,Lamp,24,102,5336.64,5082.95
South,113,Electronics,Charger,15,65,6056.7,6527.48
East,124,Electronics,Speaker,37,157,13065.54,10914.89
Central,127,Apparel,Jacket,19,132,4057.68,5052.23
North,108,Electronics,Webcam,9,56,4424.56,5495.24
East,102,Apparel,T-Shirt,46,134,9867.76,9396.73
East,128,Electronics,Webcam,17,28,2336.6,2320.73
East,102,Electronics,Earbuds,16,162,9791.28,9138.29
Central,102,Electronics,Charger,39,169,19903.13,23449.47
Central,135,Apparel,Socks,5,98,3268.3,3335.4
Central,139,Apparel,Jeans,34,22,2612.28,2189.53
East,100,Home,Cushion,28,53,4740.85,6015.23
East,104,Home,Cushion,34,122,9530.64,8534.76
North,110,Home,Towel,29,89,9809.58,13231.62
South,123,Apparel,Jeans,7,50,4925.5,4357.34
West,100,Home,Lamp,10,39,2508.09,2949.97
West,113,Home,Cushion,3,157,11434.31,12226.35
Central,103,Apparel,Socks,34,177,17862.84,16960.47
South,114,Apparel,Jacket,37,93,3401.94,3237.21
North,133,Home,Lamp,30,196,23502.36,29312.22
West,116,Home,Towel,37,179,15988.28,13307.34
East,118,Electronics,Earbuds,20,36,3859.2,3160.25
East,101,Electronics,Webcam,30,166,17187.64,13950.09
Central,124,Apparel,Socks,16,100,5700.0,4861.0
West,103,Electronics,Speaker,51,86,9699.94,8830.25
East,117,Home,Lamp,46,59,3079.21,2900.05
South,133,Apparel,Jacket,21,181,7522.36,6291.12
West,130,Apparel,Jeans,24,175,12846.75,16519.77
West,131,Electronics,Speaker,35,61,7305.36,8721.4
East,139,Electronics,Earbuds,12,180,11214.0,13309.09
North,103,Electronics,Earbuds,12,180,1845.0,1321.05
North,115,Home,Mug,12,125,11641.25,9282.27
South,103,Home,Cushion,20,43,1941.02,2293.95
Central,131,Apparel,Jeans,24,98,8410.36,7052.54
North,114,Home,Lamp,34,87,3735.78,4760.2
Central,139,Electronics,Webcam,36,124,6960.12,8809.64
East,120,Home,Towel,32,110,2323.2,3174.96
South,124,Electronics,Webcam,39,10,429.2,355.24
West,122,Electronics,Earbuds,45,186,15067.86,16952.1
Central,111,Home,Cushion,35,97,4323.29,3752.54
West,116,Electronics,Speaker,29,27,2990.79,2338.16
East,140,Apparel,Socks,46,186,6584.4,4746.47
West,120,Electronics,Earbuds,2,109,1837.74,1676.77
South,136,Home,Towel,38,116,6730.32,7662.19
West,111,Home,Cushion,12,137,8025.46,7344.34
South,128,Electronics,Charger,27,45,3631.05,4790.87
Central,139,Home,Towel,31,2,232.78,324.37
South,125,Home,Mug,15,126,3144.96,3362.38
South,137,Electronics,Charger,4,118,604.16,668.7
Central,101,Apparel,T-Shirt,18,7,467.32,437.29
North,116,Home,Mug,40,38,4078.16,4713.1
North,128,Home,Towel,38,23,639.63,839.32
Central,115,Electronics,Speaker,14,83,6111.29,4490.87
Central,119,Apparel,Jeans,47,30,513.3,618.94
South,116,Home,Mug,11,136,15489.04,21311.99
West,124,Apparel,T-Shirt,38,9,319.77,241.03
Central,102,Apparel,Socks,6,111,12600.72,16288.3
North,111,Electronics,Webcam,49,123,5954.43,5384.86
East,107,Apparel,T-Shirt,41,126,669.06,722.42
South,114,Home,Lamp,17,77,6089.93,5415.66
South,113,Home,Mug,17,11,217.8,157.51
East,135,Home,Mug,15,168,16094.4,22187.49
North,114,Electronics,Earbuds,52,30,907.2,1022.19
North,134,Home,Towel,27,129,6713.16,7705.51
East,106,Apparel,Jeans,9,177,17915.94,13582.35
West,115,Electronics,Earbuds,36,138,2949.06,3171.23
North,118,Home,Towel,31,138,5281.26,6891.53
North,125,Apparel,Socks,8,163,7657.74,5530.42
Central,116,Home,Cushion,33,155,9692.15,7695.28
South,121,Electronics,Charger,12,105,7974.75,8586.2
South,126,Apparel,Socks,9,199,14548.89,18590.57
East,124,Home,Cushion,43,23,1897.27,2352.53
West,128,Home,Lamp,30,151,11237.42,15701.11
East,121,Apparel,Jacket,41,23,2401.43,1927.15
East,103,Electronics,Earbuds,43,178,1532.58,1667.98
North,132,Home,Cushion,33,21,442.26,329.36
East,127,Electronics,Earbuds,11,11,1053.69,923.18
Central,106,Electronics,Speaker,45,1,55.79,63.09
North,124,Electronics,Earbuds,52,135,13427.1,11273.15
East,114,Apparel,Socks,49,152,8277.92,6035.25
East,126,Apparel,Jacket,40,11,510.95,477.61
West,124,Home,Cushion,37,186,15938.34,14893.73
South,100,Home,Mug,38,131,10117.13,12020.24
South,116,Home,Lamp,42,98,6656.16,6617.55
South,131,Electronics,Earbuds,50,136,3217.76,3605.78
West,126,Electronics,Webcam,14,26,1886.82,1900.16
West,104,Electronics,Speaker,12,110,566.5,699.51
Central,128,Apparel,Jeans,22,124,4619.0,5772.32
Central,133,Home,Mug,46,157,16736.2,17417.91
North,137,Electronics,Charger,44,90,4311.0,3242.38
West,111,Home,Cushion,13,114,11640.54,14374.08
North,106,Electronics,Speaker,46,49,1187.27,1348.22
East,119,Electronics,Earbuds,45,109,2403.45,2752.85
Central,123,Home,Towel,35,183,19366.89,26391.16
Central,113,Electronics,Webcam,50,88,1588.4,1747.02
West,105,Home,Lamp,50,73,6143.68,6468.99
Central,140,Electronics,Webcam,40,162,15895.44,15469.67
North,119,Apparel,Jeans,17,173,1403.03,1833.37
South,124,Electronics,Webcam,44,167,9380.39,9970.0
East,134,Electronics,Speaker,41,163,6916.09,5099.75
East,106,Electronics,Speaker,26,117,6815.25,6952.71
Central,109,Apparel,Jeans,41,88,7594.4,8347.28
North,122,Electronics,Earbuds,51,107,12571.43,9572.01
East,135,Home,Lamp,51,62,1282.78,1265.2
West,101,Home,Towel,4,145,1699.4,1989.82
West,110,Apparel,Jeans,48,24,1122.48,859.97
Central,127,Electronics,Speaker,33,167,9863.02,11140.89
North,109,Home,Cushion,5,104,6524.96,8867.97
South,115,Electronics,Earbuds,47,132,10942.8,9838.78
East,125,Apparel,T-Shirt,8,17,320.79,362.73
East,110,Home,Towel,26,147,5122.95,3643.21
West,122,Apparel,Jacket,38,1,70.82,83.81
East,114,Apparel,T-Shirt,30,178,9298.72,8668.84
North,101,Apparel,Jacket,11,37,1016.02,1333.65
Central,137,Apparel,Jeans,5,8,329.36,449.83
East,108,Home,Cushion,17,94,7414.72,7957.5
North,103,Electronics,Charger,35,59,4745.96,5893.36
West,131,Home,Lamp,37,91,1534.26,1574.21
North,126,Electronics,Speaker,41,181,3419.09,3242.61
South,138,Electronics,Speaker,40,68,3037.56,4197.78
East,114,Home,Mug,30,78,7926.36,5770.25
East,114,Home,Lamp,3,131,13834.91,16174.38
East,130,Home,Towel,42,100,8580.0,11931.86
South,101,Electronics,Charger,20,144,12290.4,9540.19
North,133,Home,Cushion,16,14,1313.2,1708.19
Central,136,Home,Cushion,50,152,10784.4,14295.98
West,113,Home,Towel,3,116,6333.6,5330.83
North,138,Apparel,Socks,37,12,1329.72,1433.94
North,119,Apparel,Jacket,39,26,1384.24,1049.62
Central,136,Home,Lamp,13,42,2416.68,2486.68
East,112,Electronics,Speaker,29,119,2803.64,3693.92
West,113,Home,Towel,12,192,12648.96,11320.0
South,135,Apparel,Jacket,12,132,12093.84,16666.64
West,116,Apparel,Jeans,17,43,1043.18,1131.1
West,119,Home,Towel,20,73,1492.85,1558.06
North,108,Apparel,Jacket,46,179,17103.45,13831.54
South,125,Electronics,Charger,19,75,2519.25,2211.69
North,110,Electronics,Charger,52,188,18576.28,25435.3
South,118,Electronics,Speaker,47,33,3733.95,2652.02
East,125,Electronics,Webcam,28,46,2546.1,2842.8
Central,100,Electronics,Charger,17,181,7462.63,8743.96
West,124,Apparel,Jeans,6,140,7539.0,9887.29
Central,130,Apparel,Jacket,14,21,377.79,426.27
South,127,Home,Mug,21,147,12209.82,15972.12
North,139,Apparel,Jacket,19,149,7536.42,6033.01
East,125,Electronics,Speaker,48,104,4102.8,5262.19
West,128,Apparel,Jacket,33,72,2253.6,3144.35
East,114,Apparel,T-Shirt,34,18,1903.5,1544.2
East,128,Apparel,Jeans,27,188,6924.04,8947.55
East,113,Electronics,Charger,17,147,1796.34,1725.13
Central,107,Home,Mug,39,64,1696.0,2252.98
Central,120,Home,Mug,17,110,4519.9,4678.95
West,108,Apparel,Jacket,17,102,5280.54,4749.42
South,118,Electronics,Speaker,43,48,1738.56,2328.87
West,124,Electronics,Speaker,12,17,138.21,158.37
East,108,Apparel,Jeans,7,109,11334.91,8650.46
North,113,Apparel,Jacket,8,62,1770.72,1439.58
East,107,Home,Cushion,45,155,8481.6,7143.89
West,105,Apparel,Socks,6,91,3408.86,3705.39
Central,127,Apparel,Jeans,32,78,3042.0,3358.33
West,113,Apparel,Jacket,46,198,7866.54,6448.19
South,129,Apparel,Jeans,24,110,2973.3,2186.73
Central,121,Home,Lamp,33,183,18052.95,20706.69
East,122,Apparel,Socks,18,36,642.24,714.41
West,118,Electronics,Charger,50,122,10833.6,14574.6
South,137,Electronics,Earbuds,39,30,3338.1,3105.55
Central,139,Electronics,Charger,50,37,3521.29,3181.16
West,108,Electronics,Charger,11,141,6913.23,9455.92
South,108,Home,Cushion,50,175,14070.0,10498.6
South,133,Apparel,Socks,37,114,5386.5,5243.65
Central,123,Home,Cushion,8,140,1554.0,1468.35
East,102,Apparel,Jeans,15,191,5540.91,6618.13
South,113,Electronics,Webcam,43,97,2862.47,2084.77
West,133,Apparel,T-Shirt,13,136,5958.16,7108.67
North,111,Electronics,Speaker,45,88,3827.12,3044.72
South,103,Apparel,T-Shirt,51,159,13639.02,15306.89
North,107,Home,Mug,29,27,481.95,436.79
Central,132,Electronics,Webcam,4,130,11438.7,15500.67
South,140,Apparel,Jacket,25,140,4485.6,5526.6
Central,104,Home,Cushion,30,199,7175.94,9439.59
West,135,Apparel,Socks,32,179,10256.7,10000.77
North,122,Home,Cushion,31,118,8608.1,6953.42
Central,140,Apparel,Jacket,37,15,920.25,979.39
Central,130,Home,Cushion,20,72,4764.96,4332.62
South,119,Electronics,Charger,52,108,12735.36,14809.45
West,139,Home,Lamp,22,197,13370.39,12039.18
South,129,Apparel,Jeans,51,185,8567.35,6002.8
Central,108,Electronics,Speaker,22,185,14474.4,19970.91
South,140,Apparel,Jeans,33,169,8537.88,11228.05
South,140,Electronics,Earbuds,17,169,10648.69,11389.84
West,101,Home,Lamp,10,38,1637.42,1925.92
South,105,Electronics,Charger,14,55,1730.85,2013.16
South,126,Home,Towel,36,62,3595.38,4713.44
Central,124,Apparel,Socks,29,84,4709.04,6549.9
West,122,Apparel,Jeans,49,106,8705.78,6676.98
Central,111,Electronics,Webcam,21,5,107.75,76.62
South,114,Electronics,Webcam,50,15,988.35,740.35
Central,122,Apparel,T-Shirt,1,195,1029.6,1229.17
South,138,Electronics,Speaker,45,28,2653.56,3253.69
Central,115,Electronics,Speaker,23,157,18336.03,16160.65
North,130,Electronics,Speaker,42,74,910.94,1254.67
Central,134,Electronics,Speaker,14,137,16156.41,18649.0
North,106,Electronics,Earbuds,46,16,372.8,421.52
East,115,Electronics,Speaker,3,121,9611.03,7057.63
South,113,Electronics,Speaker,16,95,9755.55,7013.96
West,127,Electronics,Earbuds,17,158,3020.96,2467.09
North,122,Electronics,Webcam,2,106,4797.56,6159.18
Central,139,Home,Cushion,40,30,2971.2,3378.98
West,140,Apparel,Socks,36,177,20052.33,15813.98
East,107,Electronics,Webcam,50,16,420.96,456.69
Central,133,Electronics,Webcam,37,183,14076.36,10885.61
Central,102,Home,Towel,26,181,8074.41,8324.84
East,104,Apparel,Jacket,5,109,10964.31,9730.84
North,119,Home,Towel,48,93,6024.54,8313.14
South,102,Electronics,Webcam,51,179,10355.15,12260.36
North,128,Electronics,Earbuds,43,167,11454.53,10887.37
Central,104,Home,Cushion,52,137,5826.61,8088.33
West,100,Apparel,Jacket,36,13,407.03,356.03
North,127,Apparel,Jeans,24,195,22877.4,25541.21
North,105,Home,Mug,52,3,133.56,163.12
North,114,Electronics,Webcam,38,13,1180.27,1122.85
West,107,Apparel,Jeans,49,174,3394.74,3494.04
South,100,Electronics,Earbuds,10,82,3233.26,3677.2
West,139,Apparel,T-Shirt,21,132,12526.8,14382.61
South,140,Electronics,Speaker,29,60,789.0,958.08
North,140,Electronics,Earbuds,22,71,938.62,1193.67
South,118,Electronics,Charger,45,160,17955.2,23569.04
North,123,Home,Mug,17,186,16038.78,14943.36
East,134,Home,Towel,1,9,267.93,285.95
South,112,Apparel,Socks,6,199,8280.39,7470.97
Central,132,Apparel,Jacket,33,14,497.14,392.71
East,120,Home,Lamp,23,95,9990.2,11248.37
West,101,Home,Mug,10,117,3288.87,3723.6
East,111,Home,Towel,32,185,21019.7,28020.69
East,124,Home,Mug,33,66,1219.02,1394.16
North,104,Home,Mug,31,151,15190.6,19222.56
East,128,Electronics,Charger,6,108,11830.32,16291.6
North,110,Apparel,T-Shirt,14,80,8444.0,11198.21
North,137,Apparel,Jeans,28,85,2356.2,2689.72
Central,116,Electronics,Charger,5,156,15010.32,10797.46
East,109,Apparel,Jeans,34,155,14864.5,15386.72
West,102,Apparel,Jacket,38,126,8871.66,10005.86
West,132,Home,Cushion,10,155,12345.75,9382.11
Central,131,Home,Towel,2,80,5012.0,6903.37
Central,128,Apparel,Jeans,29,73,7443.08,7998.64
West,134,Electronics,Charger,3,172,1193.68,1254.93
South,126,Apparel,T-Shirt,15,135,8290.35,9676.89
East,112,Apparel,Jeans,6,23,168.13,191.6
North,128,Apparel,Jacket,52,84,9896.04,8774.62
North,138,Home,Cushion,9,79,2176.45,2732.2
South,112,Electronics,Webcam,34,196,12955.6,11473.75
South,131,Electronics,Speaker,2,33,3048.54,2407.81
East,120,Electronics,Earbuds,38,21,1418.97,1275.25
Central,102,Home,Cushion,19,155,6330.2,5755.31
Central,118,Home,Cushion,41,45,4073.85,3030.17
East,134,Electronics,Charger,6,102,11431.14,11936.01
East,107,Apparel,T-Shirt,27,168,16803.36,23279.41
East,128,Apparel,T-Shirt,32,87,3422.58,4100.71
West,126,Home,Cushion,39,199,4302.38,4297.88
West,128,Apparel,T-Shirt,10,33,2533.08,2847.43
North,103,Apparel,T-Shirt,22,151,13408.8,16153.35
East,120,Electronics,Earbuds,38,36,1746.72,1475.93
North,123,Home,Cushion,16,115,13514.8,9975.61
West,109,Home,Mug,3,128,10661.12,7747.94
West,112,Apparel,Socks,47,167,9527.35,7526.81
East,130,Electronics,Speaker,5,178,17413.74,19202.0
West,138,Apparel,Socks,36,186,1538.22,2082.42
East,110,Home,Cushion,22,104,6673.68,7419.3
North,125,Electronics,Speaker,52,86,4871.9,6709.73
West,140,Apparel,Socks,17,198,1562.22,1612.48
West,105,Apparel,Jeans,8,100,727.0,594.95
North,117,Electronics,Webcam,23,22,1271.6,1041.57
North,135,Home,Towel,21,170,4537.3,4358.67
East,138,Apparel,Socks,23,121,7314.45,6596.48
South,107,Home,Towel,23,146,8157.02,10854.96
North,127,Home,Towel,13,102,931.26,833.2
North,109,Electronics,Earbuds,11,104,3523.52,4138.47
North,129,Apparel,T-Shirt,11,29,3447.81,3988.95
North,106,Home,Towel,19,87,6735.54,6972.64
South,111,Home,Mug,8,187,18544.79,23405.16
Central,101,Apparel,T-Shirt,14,116,7086.44,5942.56
Central,113,Home,Cushion,25,78,9258.6,6891.65
North,130,Home,Mug,47,123,7961.79,8078.44
East,106,Apparel,Jeans,22,162,2188.62,3015.46
West,132,Apparel,Jeans,45,138,11856.96,13603.58
South,104,Apparel,Socks,27,166,19262.64,24988.57
Central,128,Apparel,Socks,9,87,1746.09,1806.94
Central,114,Apparel,T-Shirt,1,99,3789.72,4209.05
West,131,Electronics,Charger,18,22,841.94,615.12
South,123,Electronics,Charger,9,99,778.14,1059.89
West,111,Home,Lamp,31,197,22359.5,24806.82
Central,101,Electronics,Webcam,38,145,10698.1,8221.1
East,114,Electronics,Earbuds,9,66,5872.68,7081.41
East,111,Electronics,Earbuds,40,175,9299.5,12270.34
North,121,Electronics,Charger,38,91,2086.63,1754.74
North,105,Electronics,Speaker,39,65,1103.05,1135.56
Central,112,Home,Towel,5,90,1066.5,1468.06
Central,123,Apparel,Jeans,45,113,6531.4,6564.16
West,119,Electronics,Charger,8,83,8470.15,8359.65
Central,125,Home,Mug,20,127,10609.58,13235.43
South,121,Electronics,Speaker,8,131,11996.98,13508.34
South,135,Home,Cushion,2,47,4252.56,3821.76
South,106,Home,Cushion,13,121,2578.51,3095.59
North,102,Apparel,Jacket,19,24,1134.48,1535.39
South,137,Apparel,T-Shirt,26,41,1808.92,2339.89
South,108,Electronics,Charger,45,67,990.26,1291.46
South,140,Home,Cushion,21,115,12271.65,14463.32
North,126,Home,Mug,44,23,336.26,315.05
South,107,Home,Lamp,48,58,6827.18,7513.08
Central,122,Apparel,T-Shirt,21,135,5776.65,7690.54
South,107,Apparel,Jacket,18,69,2245.95,2702.05
North,105,Home,Cushion,21,143,14827.67,16705.92
West,116,Electronics,Earbuds,23,177,19988.61,19499.45
South,137,Apparel,Jeans,42,96,5433.6,4237.36
West,102,Electronics,Speaker,5,47,3293.76,3907.23
West,118,Apparel,Jeans,48,27,1827.36,1628.39
East,117,Electronics,Earbuds,14,31,2709.09,3324.13
West,102,Home,Lamp,10,90,6526.8,5976.48
West,113,Apparel,T-Shirt,35,93,1935.33,2315.12
South,102,Home,Towel,12,26,1861.86,1620.85
Central,132,Apparel,Jeans,47,47,2888.15,3535.36
South,119,Apparel,T-Shirt,35,126,12085.92,15112.6
South,118,Home,Lamp,27,131,13253.27,11945.44
South,101,Home,Lamp,49,151,3556.05,4732.15
East,119,Apparel,T-Shirt,24,108,548.64,473.54
East,121,Home,Towel,40,127,2844.8,2758.12
South,118,Apparel,Jeans,4,0,0.0,0.0
South,117,Electronics,Webcam,52,128,12282.88,13371.19
East,110,Electronics,Earbuds,31,13,1213.68,1430.9
East,140,Home,Mug,42,174,16543.92,17727.86
Central,135,Electronics,Webcam,34,34,579.36,603.85
West,100,Electronics,Earbuds,10,71,2665.34,2989.39
North,136,Home,Mug,45,164,5472.68,3867.93
South,103,Apparel,T-Shirt,40,118,9239.4,10189.24
East,118,Electronics,Webcam,28,29,2512.56,2263.26
South,122,Home,Lamp,35,119,11067.0,10982.28
Central,134,Home,Mug,50,2,63.52,84.16
North,127,Home,Towel,2,34,1805.4,1578.06
West,110,Apparel,T-Shirt,19,15,920.1,1054.61
North,124,Home,Towel,23,16,902.24,1241.51
East,126,Electronics,Speaker,49,29,1701.72,1379.37
West,120,Electronics,Charger,18,186,17638.38,12568.49
West,135,Apparel,T-Shirt,2,16,1161.6,1572.66
South,136,Electronics,Speaker,42,142,4312.54,4766.97
East,133,Electronics,Webcam,30,97,6511.61,8660.21
West,121,Electronics,Webcam,14,139,10434.73,7835.85
East,137,Electronics,Earbuds,26,156,15565.68,17996.6
Central,121,Apparel,Jacket,8,149,10781.64,14159.55
North,104,Home,Cushion,23,156,6586.32,5974.29
South,133,Electronics,Webcam,13,93,10355.55,13922.08
Central,110,Electronics,Earbuds,35,140,10907.4,14285.53
North,109,Electronics,Earbuds,45,164,1792.52,2110.88
South,111,Home,Towel,3,173,18064.66,14379.9
South,117,Apparel,Jeans,21,6,324.12,339.3
Central,103,Apparel,Jacket,38,85,1975.4,2419.35
South,117,Apparel,T-Shirt,8,25,2441.75,3051.9
West,123,Home,Mug,32,75,4032.0,4720.5
South,136,Home,Cushion,29,134,4515.8,4227.44
South,100,Home,Towel,24,169,15737.28,12069.64
South,101,Home,Cushion,26,95,1809.75,2058.2
Central,117,Apparel,Jeans,43,13,466.83,578.11
Central,107,Apparel,T-Shirt,9,150,12291.0,9359.57
Central,102,Electronics,Charger,5,25,822.5,876.78
East,128,Apparel,Jacket,4,174,15487.74,16850.58
Central,106,Electronics,Webcam,6,98,8248.66,10250.06
West,133,Electronics,Speaker,32,8,703.6,714.1
South,111,Home,Towel,31,103,3103.39,2925.79
West,130,Electronics,Earbuds,15,192,2075.52,2890.02
South,112,Apparel,Jeans,32,45,3172.05,2669.28
Central,131,Electronics,Earbuds,1,184,4909.12,6011.76
Central,126,Apparel,Jeans,24,123,4590.36,3968.57
North,100,Electronics,Charger,22,108,3302.64,2382.94
South,135,Electronics,Webcam,43,4,471.04,405.57
West,107,Home,Towel,3,126,13852.44,12153.19
South,114,Electronics,Webcam,51,51,3705.66,4879.22
West,130,Home,Mug,20,4,108.2,137.54
South,126,Home,Cushion,38,151,3978.85,5131.65
North,124,Home,Lamp,32,23,764.06,951.33
West,129,Electronics,Charger,39,106,7062.78,5237.7
North,135,Apparel,Socks,42,108,5348.16,4115.3
West,125,Apparel,Jacket,5,38,2862.92,2780.69
Central,129,Home,Mug,46,46,3596.28,2672.39
West,136,Electronics,Webcam,44,54,2195.1,1971.08
North,128,Electronics,Speaker,13,197,20958.83,18878.65
North,101,Home,Towel,46,198,6405.3,5835.99
West,110,Apparel,T-Shirt,24,33,1983.3,2172.79
North,130,Electronics,Speaker,32,18,1903.5,2049.04
South,127,Home,Towel,31,73,2868.9,2964.95
South,102,Electronics,Speaker,44,30,2312.1,2509.12
East,112,Apparel,T-Shirt,25,117,3853.98,4588.06
South,106,Home,Towel,19,178,17474.26,24088.83
West,122,Electronics,Speaker,10,18,633.96,744.26
East,109,Electronics,Earbuds,48,8,199.44,189.05
North,102,Apparel,Jacket,52,48,4829.76,6287.57
Central,100,Apparel,Jeans,22,196,2448.04,3256.07
South,126,Apparel,Socks,35,26,2910.18,3882.89
East,111,Apparel,Socks,48,13,1538.81,2044.17
South,122,Home,Cushion,34,120,6264.0,5119.16
North,131,Electronics,Charger,13,19,818.52,1094.2
East,130,Electronics,Earbuds,15,164,10059.76,13325.99
East,132,Home,Mug,7,78,4002.18,4006.19
Central,115,Apparel,Jacket,14,7,527.45,540.96
East,115,Electronics,Speaker,37,186,18028.98,20244.75
East,117,Home,Lamp,21,59,2197.16,2711.37
Central,121,Apparel,T-Shirt,14,49,640.92,642.45
East,105,Apparel,Jacket,51,174,13314.48,13139.99
East,131,Apparel,T-Shirt,1,118,1829.0,1939.73
Central,107,Home,Mug,9,114,8633.22,11535.73
North,115,Home,Towel,10,119,3890.11,4747.16
South,137,Apparel,Socks,51,44,3065.04,4273.53
West,100,Electronics,Speaker,25,33,1399.86,1378.17
South,105,Electronics,Earbuds,34,52,5333.64,6171.05
North,117,Electronics,Speaker,38,26,1809.86,2081.82
Central,105,Electronics,Speaker,37,81,626.13,804.63
East,108,Electronics,Earbuds,1,173,5875.08,6336.47
West,109,Home,Towel,13,68,6403.56,6442.78
Central,112,Apparel,Jacket,31,28,2569.28,2812.94
North,110,Home,Cushion,14,89,6139.22,5991.5
South,131,Electronics,Earbuds,8,1,10.8,13.8
East,129,Apparel,Jacket,52,122,10339.5,9660.15
North,132,Electronics,Webcam,8,137,2231.73,1606.41
North,129,Home,Cushion,51,147,14436.87,18854.56
North,121,Home,Towel,47,138,8801.64,11753.95
South,137,Apparel,T-Shirt,30,144,5760.0,8053.23
North,130,Electronics,Charger,11,42,1260.0,1498.92
North,131,Electronics,Webcam,50,192,5687.04,7562.9
East,123,Home,Towel,21,187,8826.4,7124.82
East,112,Home,Mug,30,30,246.9,214.8
West,129,Apparel,Jeans,10,159,9495.48,7519.0
North,138,Apparel,Socks,33,149,14816.56,18282.41
North,119,Apparel,Jacket,26,144,2954.88,2659.56
South,123,Electronics,Earbuds,3,196,13867.0,18197.12
South,100,Home,Lamp,5,49,2738.61,2181.36
North,134,Electronics,Earbuds,10,124,9420.28,13155.88
South,134,Apparel,T-Shirt,7,95,5671.5,7076.99
East,135,Apparel,Jeans,21,137,9242.02,9966.38
South,116,Apparel,Jeans,52,188,17403.16,18393.58
South,132,Home,Towel,28,46,2539.2,3529.31
West,109,Home,Towel,47,3,208.14,207.07
Central,104,Apparel,Socks,10,198,5585.58,6124.44
North,105,Electronics,Webcam,14,22,1692.9,1545.09
North,121,Apparel,Socks,29,165,5350.95,6896.27
East,102,Apparel,Socks,47,2,95.5,127.48
Central,109,Apparel,Socks,50,40,3016.4,2299.17
North,115,Apparel,Jeans,47,99,9278.28,6765.78
North,128,Home,Towel,29,189,12294.45,13814.73
East,117,Apparel,Socks,31,159,11901.15,16148.15
Central,133,Home,Towel,24,86,8894.12,9924.59
East,118,Home,Mug,14,119,5264.56,3806.89
West,132,Home,Towel,33,185,20177.95,25871.39
South,108,Home,Lamp,52,174,2150.64,2201.89
North,122,Electronics,Charger,49,160,6475.2,8338.07
South,138,Electronics,Webcam,22,21,2323.23,1642.83
East,101,Electronics,Webcam,35,16,812.16,927.28
Central,101,Apparel,Socks,4,1,14.65,16.21
North,100,Apparel,Jacket,43,114,11551.62,12124.91
Central,117,Apparel,Jeans,50,26,1493.7,1668.06
East,116,Apparel,Jeans,37,184,16639.12,17596.28
West,128,Home,Lamp,2,132,11022.0,11783.28
Central,127,Home,Towel,11,200,17132.0,17389.94
West,105,Home,Lamp,51,121,4525.4,6202.38
North,122,Electronics,Speaker,15,128,12272.64,12939.73
East,134,Apparel,Jacket,6,128,8227.84,7350.16
Central,111,Home,Lamp,14,17,1111.29,1109.26
West,121,Electronics,Charger,48,46,2742.98,2382.51
West,101,Apparel,Jacket,2,91,2436.07,3277.53
West,137,Apparel,Jeans,14,45,990.0,705.19
East,135,Electronics,Webcam,44,3,302.55,374.01
Central,120,Electronics,Webcam,21,51,2110.38,1530.35
Central,123,Apparel,Socks,51,31,2581.99,2333.82
West,107,Home,Mug,52,59,2017.8,1755.79
Central,135,Electronics,Speaker,23,112,8611.68,8763.24
South,124,Home,Cushion,29,85,3417.85,3272.92
East,129,Home,Towel,28,14,243.18,253.26
North,106,Apparel,Jeans,22,155,8185.55,5951.47
North,122,Apparel,Socks,31,85,3519.0,2834.31
North,119,Apparel,T-Shirt,34,80,8037.6,7613.15
West,124,Electronics,Earbuds,44,37,425.5,426.49
North,114,Apparel,Jeans,17,125,14955.0,19018.42
South,126,Apparel,Socks,45,72,2447.28,3041.16
West,127,Home,Lamp,22,168,14834.4,17988.52
South,133,Electronics,Webcam,8,44,1825.56,1509.46
West,109,Home,Lamp,32,172,9848.72,7572.15
Central,128,Electronics,Earbuds,7,93,851.88,666.28
North,140,Apparel,Jacket,43,31,2673.75,2766.51
Central,126,Apparel,T-Shirt,18,90,4435.2,6146.3
South,103,Electronics,Charger,28,168,11733.12,13883.1
West,113,Electronics,Earbuds,15,174,10213.8,12279.68
West,120,Electronics,Charger,44,195,2745.6,2814.05
Central,140,Apparel,T-Shirt,15,144,14476.32,16220.39
West,111,Apparel,Jacket,48,6,589.86,592.91
East,101,Apparel,Socks,7,130,4414.8,5673.08
West,114,Electronics,Earbuds,48,101,11553.39,10609.16
North,140,Electronics,Webcam,50,21,2040.78,1552.92
North,133,Home,Cushion,6,98,3804.36,4189.45
Central,114,Home,Lamp,6,34,741.88,784.82
South,107,Electronics,Earbuds,1,37,1772.67,1293.2
East,138,Apparel,T-Shirt,1,66,924.66,857.55
West,128,Electronics,Webcam,40,90,2230.2,2507.07
West,137,Electronics,Speaker,38,13,1154.14,1316.03
Central,123,Apparel,Jeans,14,22,1831.28,1506.2
West,140,Home,Towel,49,124,7799.6,5725.9
West,120,Home,Lamp,40,157,13605.62,9912.73
North,122,Home,Lamp,4,31,2541.69,1883.24
North,138,Home,Lamp,19,19,1211.06,1330.21
Central,137,Home,Lamp,14,192,13875.84,15551.39
North,116,Home,Towel,33,23,2018.94,1625.54
South,125,Apparel,Jeans,4,153,6409.17,5111.05
West,113,Electronics,Earbuds,3,95,5258.25,6837.76
Central,121,Apparel,Jacket,40,162,16959.78,14462.17
East,102,Apparel,Socks,37,14,1107.54,808.41
West,128,Apparel,Jacket,41,11,265.21,212.68
Central,140,Electronics,Webcam,44,96,1496.64,1740.18
North,132,Home,Lamp,4,13,1019.33,1244.72
South,104,Electronics,Webcam,27,113,7453.48,9094.42
North,112,Apparel,Socks,36,105,785.4,930.42
South,109,Apparel,T-Shirt,6,174,17817.6,20053.47
Central,124,Home,Mug,11,138,15046.14,12017.19
Central,135,Electronics,Speaker,15,22,649.88,472.55
South,137,Home,Lamp,21,172,16025.24,17191.92
South,115,Apparel,Jacket,1,131,4725.17,4587.84
North,115,Home,Towel,20,38,986.48,1085.15
Central,113,Home,Lamp,52,130,5911.1,6872.29
South,114,Home,Lamp,5,191,22077.69,30031.83
South,129,Electronics,Speaker,45,158,13954.56,19383.76
West,107,Apparel,T-Shirt,22,192,5193.6,4696.19
North,128,Electronics,Webcam,40,62,658.44,820.66
South,128,Apparel,Socks,1,190,9129.5,9469.67
West,114,Apparel,T-Shirt,25,157,9440.41,7329.82
South,126,Home,Towel,50,200,20536.0,14555.24
South,131,Home,Towel,36,38,893.76,895.3
West,118,Home,Mug,40,159,8439.72,11020.13
Central,102,Apparel,T-Shirt,9,36,1628.28,1392.32
North,132,Apparel,T-Shirt,36,156,1302.6,1704.8
South,140,Electronics,Earbuds,2,69,7451.31,7152.29
East,117,Apparel,T-Shirt,49,105,6693.75,8753.95
West,138,Electronics,Webcam,14,191,2882.19,3766.96
East,101,Apparel,T-Shirt,35,156,8007.48,10278.09
Central,130,Apparel,Jacket,50,94,8834.12,6786.46
West,117,Apparel,T-Shirt,18,191,6725.11,6848.25
North,116,Apparel,T-Shirt,50,185,10964.95,10892.51
South,130,Home,Lamp,36,128,4747.52,6399.8
Central,114,Apparel,Socks,2,47,1963.19,2376.02
West,134,Electronics,Earbuds,36,194,18682.2,24307.48
West,120,Electronics,Earbuds,20,64,6485.76,8692.72
West,135,Apparel,T-Shirt,5,178,16028.9,11819.24
West,114,Home,Cushion,12,197,8073.06,7872.37
South,115,Electronics,Earbuds,11,74,2554.48,2673.04
South,117,Home,Cushion,14,98,6076.98,6986.94
North,130,Home,Towel,15,27,2928.42,3309.81
North,130,Electronics,Webcam,49,98,8446.62,7408.09
East,115,Home,Towel,10,100,5863.0,5293.99
East,131,Apparel,Jacket,47,104,8592.48,11697.52
North,111,Electronics,Earbuds,2,109,2631.26,1966.23
East,102,Electronics,Charger,34,27,512.73,677.98
Central,120,Electronics,Speaker,44,163,2216.8,1724.97
South,109,Apparel,Socks,8,35,864.15,1196.78
East,128,Home,Cushion,14,198,15364.8,11782.34
Central,137,Electronics,Webcam,39,59,810.07,926.17
South,120,Electronics,Charger,50,135,8309.25,9390.06
Central,115,Home,Lamp,38,40,235.6,187.72
South,128,Electronics,Webcam,47,80,8633.6,6810.47
East,127,Home,Towel,37,173,5627.69,5589.55
Central,139,Home,Towel,47,160,15515.2,18499.92
North,118,Home,Mug,21,163,1008.97,1079.52
South,130,Apparel,Jeans,4,47,1854.15,2178.06
East,107,Electronics,Charger,27,116,699.48,579.42
East,112,Apparel,Jeans,29,167,1616.56,1951.0
South,105,Electronics,Webcam,49,42,693.84,516.58
East,129,Electronics,Speaker,47,149,1053.43,1228.36
South,108,Apparel,Jeans,26,30,2545.8,2399.38
South,122,Home,Lamp,31,95,10302.75,7806.71
South,100,Apparel,Jeans,1,133,5661.81,5866.21
West,131,Apparel,Socks,9,45,2833.65,3208.81
South,113,Apparel,T-Shirt,23,105,8813.7,10225.03
Central,122,Home,Towel,7,170,2672.4,2929.08
Central,108,Electronics,Earbuds,33,156,17461.08,18087.24
East,120,Home,Towel,40,120,13860.0,15395.62
Central,135,Home,Cushion,39,149,7660.09,5876.12
East,104,Apparel,Jacket,6,93,3689.31,3225.07
North,137,Apparel,T-Shirt,51,26,1958.84,1799.16
Central,131,Apparel,Jeans,19,138,3084.3,2880.98
East,132,Electronics,Charger,17,191,16796.54,22291.22
North,100,Apparel,Jacket,33,37,2239.98,2226.26
Central,127,Home,Cushion,28,106,2136.96,1633.11
North,131,Apparel,Socks,50,46,2754.48,2660.72
South,112,Home,Mug,3,160,14489.6,12926.13
South,115,Apparel,T-Shirt,51,172,11594.52,12737.15
South,126,Apparel,Jeans,19,96,9533.76,7218.56
Central,116,Apparel,Socks,35,136,14659.44,10668.84
West,107,Apparel,Socks,10,98,6521.9,4654.31
East,138,Home,Mug,2,134,14106.18,17350.36
East,117,Home,Cushion,36,197,20046.72,25301.57
Central,113,Home,Towel,9,29,218.66,195.23
East,108,Home,Lamp,17,113,3857.82,2713.83
East,116,Apparel,Jacket,38,28,3026.52,3733.21
South,102,Home,Towel,43,21,679.14,710.7
South,140,Apparel,Jeans,37,11,173.91,148.88
West,112,Home,Lamp,21,171,11304.81,8521.27
East,120,Electronics,Webcam,47,101,1449.35,1869.16
West,106,Home,Towel,47,83,4874.59,5165.08
North,103,Home,Mug,38,0,0.0,0.0
Central,123,Electronics,Speaker,46,109,3641.69,4720.37
East,107,Home,Towel,13,100,6988.0,6666.25
North,133,Home,Mug,29,41,1805.64,2367.68
East,134,Electronics,Charger,1,77,8603.21,8327.16
Central,121,Electronics,Earbuds,48,34,3218.78,3323.32
West,123,Apparel,T-Shirt,44,76,2817.32,3887.5
South,139,Electronics,Earbuds,13,42,1890.0,1497.83
North,112,Home,Towel,28,116,11307.68,14861.78
South,109,Apparel,T-Shirt,47,184,8348.08,9274.71
East,114,Apparel,T-Shirt,24,28,2629.76,2374.84
North,124,Apparel,Jeans,39,180,21551.4,27496.13
Central,133,Apparel,T-Shirt,43,41,1650.66,1479.82
East,102,Apparel,Jeans,52,43,5070.99,6262.37
East,132,Electronics,Earbuds,46,148,3199.76,4308.29
West,117,Apparel,Jacket,7,143,15125.11,17775.0
Central,129,Home,Towel,23,49,3687.25,4355.5
West,107,Home,Cushion,26,104,8255.52,6376.08
West,106,Apparel,Jacket,50,159,8745.0,11740.19
South,112,Home,Cushion,49,84,6138.72,6420.19
North,133,Apparel,Jeans,32,189,19871.46,21591.84
West,122,Electronics,Speaker,36,170,11673.9,14468.14
North,130,Apparel,Socks,25,128,6775.04,9414.4
North,118,Home,Lamp,16,16,1666.24,1263.41
Central,113,Home,Mug,3,136,15529.84,19972.07
East,128,Apparel,Jacket,14,185,14731.55,11260.09
South,112,Home,Towel,35,165,14874.75,18751.22
Central,101,Home,Cushion,2,25,2934.0,4000.5
East,130,Apparel,Socks,30,76,3395.68,3555.55
West,101,Electronics,Speaker,6,133,13174.98,17330.06
North,110,Home,Towel,7,173,20498.77,24565.82
West,114,Apparel,Socks,9,42,3803.94,2975.08
South,103,Apparel,T-Shirt,16,31,3623.59,4019.19
West,136,Electronics,Earbuds,9,152,14821.52,20159.53
West,129,Electronics,Speaker,10,112,9621.92,12793.97
South,128,Electronics,Speaker,4,2,187.58,202.43
North,122,Home,Mug,27,163,7820.74,9912.0
Central,137,Home,Cushion,39,139,13317.59,17528.38
North,117,Apparel,Jacket,3,174,12528.0,9243.85
West,125,Home,Lamp,2,103,3170.34,2654.85
Central,107,Apparel,T-Shirt,32,49,5092.57,4139.21
West,133,Apparel,T-Shirt,34,114,1800.06,1503.84
North,108,Electronics,Webcam,21,153,9033.12,7079.78
East,122,Electronics,Charger,44,31,181.66,234.7
West,123,Apparel,T-Shirt,10,187,7887.66,9645.08
West,122,Apparel,Jeans,33,51,5777.28,7657.41
South,112,Home,Towel,49,173,12002.74,11487.65
Central,111,Electronics,Charger,40,40,3309.2,3877.25
Central,110,Home,Cushion,18,45,2920.05,3868.87
North,124,Home,Towel,19,174,6890.4,5246.5
Central,106,Electronics,Speaker,13,132,5731.44,5420.09
Central,140,Home,Lamp,19,37,372.22,445.79
Central,115,Apparel,Jeans,43,79,2476.65,2400.14
Central,118,Apparel,T-Shirt,41,146,9339.62,12827.42
West,112,Home,Cushion,18,105,6657.0,4990.74
South,127,Electronics,Webcam,46,118,8413.4,8099.14
Central,113,Home,Towel,42,82,6569.02,6068.04
North,117,Home,Towel,11,29,2405.84,2711.66
South,111,Home,Cushion,13,102,10915.02,14138.08
Central,136,Home,Towel,47,72,5126.4,5720.27
West,110,Home,Lamp,30,117,7640.1,5851.42
Central,113,Electronics,Speaker,43,128,4947.2,6007.78
North,102,Home,Mug,36,137,5596.45,3927.64
North,126,Apparel,Socks,1,56,6602.4,8837.33
East,125,Electronics,Charger,9,131,7747.34,8956.59
West,126,Apparel,Socks,38,63,1389.78,1477.38
South,119,Electronics,Charger,5,68,393.72,345.04
Central,124,Home,Mug,25,132,15607.68,17103.15
South,132,Home,Towel,16,4,268.12,188.51
North,120,Electronics,Webcam,21,182,2560.74,2626.14
South,111,Electronics,Charger,9,146,7605.14,8398.92
Central,120,Apparel,T-Shirt,27,199,10931.07,10691.66
North,134,Electronics,Speaker,22,181,13647.4,18254.75
North,131,Home,Cushion,31,178,7185.86,7328.69
East,103,Apparel,T-Shirt,28,13,1153.75,1400.43
Central,121,Electronics,Speaker,44,73,2942.63,3251.66
Central,135,Electronics,Earbuds,40,65,7613.45,5763.14
East,138,Home,Mug,3,52,4910.36,4662.86
Central,132,Apparel,Jacket,44,162,14452.02,17686.39
West,108,Electronics,Webcam,5,21,2086.14,2021.37
East,119,Electronics,Speaker,46,62,2369.64,2245.54
Central,108,Electronics,Speaker,13,29,2825.18,2781.59
East,105,Electronics,Webcam,25,25,1328.25,1777.39
Central,138,Electronics,Webcam,18,9,813.87,763.51
East,122,Apparel,Socks,28,3,314.25,314.56
Central,138,Home,Lamp,14,182,5971.42,4369.44
North,135,Electronics,Charger,14,179,5065.7,4987.11
Central,124,Home,Mug,21,14,349.02,316.72
East,120,Home,Mug,15,139,15683.37,16566.64
West,132,Electronics,Speaker,45,198,23736.24,19848.0
Central,131,Apparel,Jeans,50,190,5200.3,5669.59
Central,113,Home,Cushion,44,169,980.2,1216.4
North,117,Home,Cushion,39,107,4078.84,4930.79
North,126,Electronics,Earbuds,27,72,4153.68,4791.49
East,117,Electronics,Speaker,38,90,10237.5,14225.82
South,139,Home,Mug,25,173,11473.36,11702.76
Central,127,Home,Cushion,51,146,1162.16,1157.93
East,124,Apparel,Socks,3,63,6044.85,6415.79
North,101,Electronics,Speaker,29,196,5564.44,5990.97
South,113,Apparel,T-Shirt,6,112,2954.56,3337.59
North,119,Home,Cushion,27,142,7239.16,8604.44
East,104,Apparel,Jeans,10,115,4527.55,5601.15
North,116,Apparel,Jeans,3,9,62.46,83.4
Central,110,Apparel,Jeans,4,176,7939.36,10240.28
West,138,Electronics,Speaker,21,108,7161.48,8589.01
Central,104,Apparel,T-Shirt,3,122,6381.82,7364.76
Central,110,Apparel,Socks,18,88,7777.44,9112.55
Central,130,Apparel,Jeans,30,33,1651.65,1577.37
West,137,Electronics,Charger,5,20,805.0,1114.61
East,137,Home,Lamp,40,98,11510.1,9001.18
East,132,Electronics,Earbuds,20,12,458.76,464.55
East,136,Electronics,Speaker,17,23,1665.89,2157.34
North,111,Home,Lamp,25,116,13031.44,15584.99
East,134,Electronics,Speaker,8,112,1251.04,1057.14
North,110,Electronics,Speaker,44,9,803.61,948.69
Central,133,Apparel,Jeans,18,192,4020.48,5113.93
East,123,Apparel,T-Shirt,45,90,6876.0,5025.28
East,119,Apparel,Jacket,32,162,15620.04,12341.44
West,138,Home,Lamp,21,131,10545.5,13674.37
West,134,Apparel,Jacket,14,169,16651.57,17156.4
South,125,Electronics,Charger,5,196,19754.84,19192.45
Central,129,Apparel,Jeans,45,169,19179.81,18379.28
West,122,Electronics,Webcam,6,135,14110.2,19237.5
East,113,Electronics,Earbuds,20,20,456.0,572.6
South,104,Electronics,Webcam,45,76,2563.48,3201.38
North,126,Apparel,T-Shirt,15,132,13640.88,17362.26
North,112,Electronics,Webcam,10,36,756.36,745.5
East,137,Electronics,Earbuds,43,121,9239.56,7092.87
East,130,Electronics,Webcam,35,97,4867.46,5290.24
South,129,Home,Towel,39,154,3012.24,3042.42
East,115,Apparel,Socks,4,121,2519.22,2557.09
West,127,Electronics,Speaker,1,86,8993.02,10978.9
South,114,Electronics,Speaker,3,17,689.86,941.52
Central,104,Apparel,Jeans,46,93,4432.38,3436.65
West,102,Electronics,Speaker,31,190,2726.5,2194.56
South,132,Apparel,Jacket,32,41,4910.98,4769.42
Central,135,Apparel,Jeans,33,44,3749.68,4665.44
North,117,Apparel,Jeans,28,109,8682.94,9322.88
East,130,Home,Mug,31,113,703.99,855.09
East,121,Electronics,Charger,17,187,18522.35,19642.7
Central,117,Apparel,Jacket,7,120,1185.6,1509.17
West,119,Home,Lamp,50,12,1259.28,939.34
West,120,Apparel,Jacket,7,137,824.74,816.69
West,101,Apparel,Jeans,17,157,4775.94,4182.48
North,123,Apparel,Socks,14,0,0.0,0.0
East,129,Apparel,Jacket,47,136,9831.44,7746.05
West,133,Home,Mug,20,105,1693.65,1659.28
East,121,Electronics,Earbuds,39,151,3553.03,3084.16
West,117,Apparel,T-Shirt,40,110,9831.8,11844.67
North,118,Apparel,Jacket,38,135,2594.7,1826.74
North,108,Electronics,Webcam,21,49,1732.64,1380.76
North,138,Apparel,Socks,20,143,5395.39,5729.64
East,126,Home,Towel,48,162,17628.84,21024.87
North,135,Apparel,Jeans,46,114,4061.82,4686.87
South,128,Home,Lamp,6,96,10736.64,10131.71
East,132,Home,Lamp,31,67,6948.57,7226.98
West,130,Home,Mug,16,116,5174.76,5155.49
Central,133,Apparel,Jeans,35,39,2465.58,1826.32
South,109,Apparel,Jeans,13,44,3849.56,4071.19
Central,136,Home,Lamp,14,147,2297.61,2136.02
Central,116,Apparel,Jeans,31,43,5045.62,3757.1
South,111,Home,Cushion,29,44,684.2,744.83
West,118,Apparel,T-Shirt,1,125,9928.75,7987.0
West,126,Apparel,Jeans,52,2,84.56,116.93
Central,102,Home,Mug,2,174,8811.36,8995.77
North,115,Apparel,Socks,26,7,834.05,1007.23
East,116,Home,Towel,19,36,3112.56,2775.58
North,102,Electronics,Charger,38,192,19726.08,20282.56
South,116,Apparel,Jacket,14,112,7589.12,7570.67
Central,107,Home,Cushion,18,187,8149.46,10559.02
West,120,Apparel,Socks,32,49,1390.62,1015.04
West,123,Apparel,Socks,18,129,7732.26,7496.84
West,139,Home,Towel,33,0,0.0,0.0
Central,115,Apparel,Jeans,42,5,393.65,356.65
Central,137,Electronics,Earbuds,6,78,1637.22,1392.64
Central,135,Home,Towel,14,195,17070.3,15629.54
South,116,Home,Cushion,10,146,7987.66,5609.53
East,112,Electronics,Webcam,4,182,11491.48,15331.4
Central,116,Apparel,Jeans,51,138,8304.84,11278.44
North,115,Home,Mug,20,185,21780.05,27085.29
Central,105,Electronics,Speaker,30,94,9525.96,12537.95
West,105,Electronics,Webcam,34,37,1332.74,1082.88
West,126,Apparel,Jeans,40,186,6885.72,7394.37
South,127,Electronics,Earbuds,13,93,8867.55,9362.26
East,137,Home,Cushion,39,37,4372.29,5178.53
North,122,Home,Towel,43,92,6073.84,7181.9
Central,119,Apparel,T-Shirt,32,64,7134.08,9177.66
Central,107,Electronics,Earbuds,32,185,5181.85,4403.9
North,100,Electronics,Charger,41,61,6037.17,5135.87
South,112,Electronics,Speaker,39,189,15726.69,21316.58
North,127,Home,Lamp,44,106,11278.4,14608.58
South,125,Home,Mug,3,151,9546.22,10184.55
South,137,Home,Mug,48,161,15209.67,18879.04
Central,121,Apparel,Socks,3,123,10071.24,7901.04
East,132,Home,Towel,23,187,18417.63,13797.96
East,136,Home,Mug,22,148,12402.4,13720.07
Central,129,Electronics,Webcam,39,151,17423.89,13165.75
North,140,Home,Cushion,21,51,5747.19,5916.86
West,117,Apparel,T-Shirt,4,163,17294.3,13556.88
Central,135,Electronics,Earbuds,2,5,90.65,90.57
East,101,Home,Mug,27,40,4104.4,5673.82
West,125,Electronics,Earbuds,6,108,6516.72,5115.14
West,115,Apparel,Jacket,1,101,7017.48,6750.3
West,101,Electronics,Charger,42,95,7253.25,6276.32
East,117,Apparel,Socks,11,132,15224.88,16219.98
South,118,Apparel,Socks,13,148,1832.24,2318.44
North,116,Apparel,Jeans,16,11,441.76,585.97
Central,117,Apparel,Jacket,24,99,6354.81,6565.08
Central,129,Electronics,Speaker,28,94,9455.46,12534.3
North,122,Home,Mug,43,27,2410.83,2289.75
East,107,Electronics,Speaker,11,39,1221.09,1504.99
Central,117,Electronics,Speaker,46,185,13418.05,13409.8
East,110,Home,Towel,19,126,5315.94,7402.38
North,129,Electronics,Speaker,52,21,1135.47,1250.1
East,122,Electronics,Earbuds,23,53,2911.82,3343.31
Central,135,Electronics,Earbuds,10,49,3379.04,2901.25
Central,115,Home,Towel,25,195,15572.7,17503.88
West,126,Apparel,Jacket,10,167,15581.1,19032.5
Central,119,Apparel,Jeans,2,70,7093.8,5044.54
North,125,Apparel,T-Shirt,39,49,1596.42,1914.57
West,101,Electronics,Webcam,36,40,4654.0,4969.41
West,136,Apparel,Socks,34,155,3391.4,3663.3
West,100,Home,Lamp,4,97,7460.27,7755.93
West,118,Home,Mug,9,185,20370.35,20693.71
North,140,Home,Cushion,16,26,569.4,610.98
South,105,Apparel,Socks,9,49,1107.89,1441.21
North,138,Electronics,Speaker,37,188,10637.04,9871.22
Central,110,Electronics,Earbuds,5,113,6607.11,5668.01
South,128,Home,Mug,7,170,11374.7,10604.69
Central,124,Apparel,T-Shirt,43,134,14159.78,16758.74
South,125,Electronics,Webcam,14,120,8677.2,7600.48
West,110,Apparel,Socks,17,195,13809.9,17240.04
South,135,Electronics,Speaker,9,29,1967.07,1997.72
East,140,Home,Lamp,33,106,6600.62,6209.18
East,108,Home,Towel,43,148,978.28,1035.96
South,111,Home,Mug,41,51,401.37,425.51
East,124,Apparel,Jeans,34,138,6051.3,4738.29
North,124,Home,Cushion,20,85,1801.15,2479.52
West,109,Electronics,Speaker,48,164,14104.0,17441.97
West,111,Electronics,Charger,22,161,16080.68,19519.21
South,129,Home,Towel,29,155,5254.5,6865.28
Central,138,Home,Cushion,42,190,20174.2,22756.67
North,118,Apparel,T-Shirt,1,4,318.96,275.44
Central,134,Electronics,Speaker,14,99,6570.63,5422.54
North,115,Electronics,Speaker,41,197,19122.79,23839.93
East,116,Home,Lamp,52,148,4380.8,4456.35
Central,114,Electronics,Speaker,3,56,4375.28,3686.05
South,124,Home,Towel,14,57,2324.46,1670.67
South,107,Home,Lamp,45,47,2452.46,2109.47
South,140,Electronics,Charger,31,22,1327.26,1546.83
South,139,Apparel,Jacket,26,92,4088.48,4689.62
South,100,Apparel,Jeans,38,63,702.45,877.68
South,108,Electronics,Webcam,43,181,16429.37,12491.24
South,136,Home,Mug,18,21,2031.96,2677.36
North,139,Home,Cushion,9,134,5682.94,7075.62
Central,110,Electronics,Webcam,26,145,11789.95,14922.32
Central,120,Apparel,Socks,43,99,3722.4,3331.79
Central,110,Electronics,Earbuds,21,193,11855.99,14238.4
North,140,Apparel,Jacket,4,189,7894.53,8403.05
North,134,Home,Lamp,24,52,4480.84,3732.82
Central,100,Electronics,Webcam,41,112,12841.92,12151.53
Central,107,Electronics,Earbuds,30,3,263.4,293.64
West,125,Home,Towel,18,125,4565.0,3574.39
North,125,Home,Towel,49,11,266.09,205.59
South,123,Home,Cushion,28,66,3453.12,4208.53
West,129,Electronics,Speaker,26,48,2746.56,2972.71
East,126,Apparel,T-Shirt,28,170,16709.3,14551.63
West,133,Electronics,Speaker,43,85,7968.75,6769.63
South,110,Electronics,Webcam,4,90,3841.2,5185.42
East,105,Home,Mug,39,67,8033.3,8530.67
East,116,Apparel,Socks,16,164,14323.76,13801.66
North,102,Apparel,T-Shirt,51,83,6409.26,5104.48
North,123,Apparel,Jacket,36,90,1506.6,1780.04
Central,135,Electronics,Charger,35,194,15518.06,14881.61
South,119,Home,Mug,46,177,20815.2,22772.71
South,129,Electronics,Speaker,37,63,4876.83,6809.63
East,115,Electronics,Speaker,39,71,4024.28,4534.31
West,104,Home,Towel,35,26,2685.02,3555.94
West,100,Electronics,Speaker,17,199,1474.59,1938.9
West,130,Home,Mug,26,96,843.84,1047.21
East,100,Apparel,Jeans,33,96,4371.84,3500.78
South,132,Electronics,Charger,35,75,514.5,637.29
Central,118,Home,Mug,5,83,7230.13,8333.54
West,120,Electronics,Webcam,47,173,2193.64,1780.86
East,120,Home,Towel,32,90,1554.3,1537.44
South,108,Home,Cushion,32,9,166.68,134.37
South,125,Home,Towel,35,75,7759.5,8077.05
North,124,Apparel,Jeans,5,51,336.6,314.93
East,122,Home,Lamp,8,15,936.0,1273.88
East,110,Electronics,Earbuds,34,17,259.08,228.37
East,132,Electronics,Webcam,43,104,1126.32,1094.71
West,109,Electronics,Speaker,2,185,5440.85,4828.51
South,135,Home,Cushion,39,133,12213.39,13144.63
West,126,Home,Cushion,18,1,24.8,23.93
East,100,Home,Cushion,46,56,5905.2,5304.91
South,117,Electronics,Speaker,19,58,3103.58,3447.94
West,139,Apparel,Socks,12,163,17289.41,12237.63
North,130,Electronics,Speaker,29,183,11862.06,13129.37
West,107,Electronics,Webcam,13,139,5059.6,5312.22
West,112,Electronics,Charger,2,68,6788.44,7749.07
Central,103,Apparel,Jacket,16,69,2088.63,2713.59
North,104,Electronics,Speaker,8,121,701.8,788.98
West,106,Electronics,Speaker,10,106,5538.5,4813.99
West,108,Electronics,Speaker,36,115,2419.6,2617.2
Central,120,Electronics,Charger,32,133,5966.38,7435.96
Central,119,Apparel,T-Shirt,12,123,4269.33,3458.3
East,115,Electronics,Earbuds,46,37,4026.34,3350.49
South,116,Electronics,Speaker,1,198,2898.72,2348.5
South,128,Home,Cushion,21,108,11698.56,9192.62
South,139,Home,Mug,40,103,2068.24,1578.91
East,111,Apparel,Jacket,6,182,19996.34,18677.07
East,138,Electronics,Charger,41,172,17017.68,16374.19
West,102,Home,Lamp,24,81,8667.0,7738.15
West,131,Apparel,Socks,15,23,638.48,741.3
North,104,Electronics,Earbuds,13,13,1335.75,1471.38
Central,108,Apparel,T-Shirt,24,21,2038.68,2407.5
Central,121,Apparel,T-Shirt,40,102,8221.2,8944.36
East,134,Apparel,Jacket,6,6,507.72,481.44
East,129,Apparel,Jeans,39,179,17234.12,15556.75
West,103,Apparel,T-Shirt,15,65,7166.25,7412.84
North,123,Electronics,Charger,31,143,13284.7,15266.38
East,117,Apparel,T-Shirt,46,178,6082.26,5419.29
North,132,Apparel,Jacket,28,25,1606.25,2168.49
Central,113,Home,Cushion,44,82,6648.56,7810.48
South,129,Home,Cushion,22,10,471.5,543.11
North,116,Home,Towel,38,138,6112.02,4878.55
East,101,Apparel,T-Shirt,36,152,12929.12,11898.94
East,111,Apparel,Socks,46,179,3631.91,4892.21
West,132,Electronics,Charger,39,42,1432.2,2004.21
West,109,Electronics,Charger,16,188,14953.52,14838.55
South,130,Electronics,Speaker,41,54,2817.72,3731.82
Central,105,Home,Towel,38,168,17824.8,22839.4
Central,131,Home,Mug,37,59,5098.19,3589.43
Central,129,Apparel,T-Shirt,36,134,15558.74,18632.83
West,123,Apparel,Socks,21,150,13939.5,15970.43
East,127,Apparel,Jacket,24,185,17486.2,24429.99
East,106,Electronics,Webcam,46,170,19458.2,23600.07
Central,125,Apparel,T-Shirt,27,77,2514.05,2455.72
